siren,denomination,secteur,limite_credit,encours,profil
675770529,Acheteur fictif 001,Distribution,32000.0,7656.48,sain
647099690,Acheteur fictif 002,Industrie,120000.0,51471.63,sain
922308461,Acheteur fictif 003,Distribution,45000.0,12224.31,sain
399085574,Acheteur fictif 004,Industrie,120000.0,43776.96,sain
661333669,Acheteur fictif 005,Industrie,100000.0,27056.7,sain
857704655,Acheteur fictif 006,Transport,200000.0,110774.71,degradation
477040284,Acheteur fictif 007,Distribution,200000.0,43712.93,sain
648868899,Acheteur fictif 008,Distribution,200000.0,34220.6,sain
784683755,Acheteur fictif 009,Transport,125000.0,23929.19,sain
507059676,Acheteur fictif 010,Industrie,75000.0,18116.04,sain
559967386,Acheteur fictif 011,Agroalimentaire,75000.0,27876.81,sain
694287057,Acheteur fictif 012,Agroalimentaire,100000.0,25871.1,sain
751028618,Acheteur fictif 013,BTP,75000.0,18504.81,sain
198061499,Acheteur fictif 014,Distribution,75000.0,15979.85,sain
862123506,Acheteur fictif 015,Distribution,60000.0,13974.71,erratique
631855083,Acheteur fictif 016,Distribution,24000.0,14990.53,erratique
634366139,Acheteur fictif 017,Transport,45000.0,15716.16,sain
450811990,Acheteur fictif 018,Industrie,120000.0,33635.2,sain
245668163,Acheteur fictif 019,Transport,160000.0,30638.23,erratique
948239575,Acheteur fictif 020,Agroalimentaire,75000.0,11355.77,sain
435569630,Acheteur fictif 021,BTP,100000.0,45903.95,degradation
901131404,Acheteur fictif 022,Agroalimentaire,60000.0,16885.49,sain
410864588,Acheteur fictif 023,BTP,32000.0,8035.22,sain
495928981,Acheteur fictif 024,Transport,75000.0,97183.51,defaut
804433388,Acheteur fictif 025,Industrie,120000.0,86663.34,degradation
573087862,Acheteur fictif 026,Transport,160000.0,38158.11,sain
355164255,Acheteur fictif 027,BTP,75000.0,21901.64,sain
438868427,Acheteur fictif 028,Restauration,125000.0,30230.04,sain
938927341,Acheteur fictif 029,Transport,120000.0,47009.58,sain
694875990,Acheteur fictif 030,BTP,100000.0,84765.11,degradation
187212377,Acheteur fictif 031,Industrie,40000.0,21360.51,degradation
478918222,Acheteur fictif 032,Agroalimentaire,24000.0,8302.04,erratique
975903641,Acheteur fictif 033,Transport,32000.0,7924.06,sain
341449138,Acheteur fictif 034,BTP,100000.0,47226.11,degradation
800400428,Acheteur fictif 035,Industrie,75000.0,14520.62,sain
876189202,Acheteur fictif 036,BTP,32000.0,29071.36,defaut
586869229,Acheteur fictif 037,Distribution,75000.0,55443.25,defaut
395976645,Acheteur fictif 038,Distribution,75000.0,12668.71,sain
422913264,Acheteur fictif 039,Distribution,60000.0,13836.34,sain
895913682,Acheteur fictif 040,Restauration,45000.0,10654.28,erratique
823737375,Acheteur fictif 041,Distribution,120000.0,37559.1,sain
708485104,Acheteur fictif 042,Transport,200000.0,42353.05,sain
513646070,Acheteur fictif 043,Distribution,32000.0,10073.92,sain
831983367,Acheteur fictif 044,Industrie,40000.0,8425.23,sain
261861139,Acheteur fictif 045,Transport,75000.0,27560.52,sain
740992546,Acheteur fictif 046,Agroalimentaire,200000.0,41575.61,sain
690263993,Acheteur fictif 047,Distribution,40000.0,9757.18,sain
917626034,Acheteur fictif 048,BTP,160000.0,49038.28,sain
802858478,Acheteur fictif 049,Restauration,100000.0,23940.83,sain
190461372,Acheteur fictif 050,Distribution,75000.0,30521.19,erratique
