siren,numero,date_emission,date_echeance,montant,date_paiement
675770529,F001-01,2024-09-25,2024-10-25,5978.24,2024-10-27
675770529,F001-02,2024-10-25,2024-11-24,9850.17,2024-12-01
675770529,F001-03,2024-11-24,2024-12-24,7335.85,2024-12-27
675770529,F001-04,2024-12-24,2025-01-23,8774.06,2025-01-27
675770529,F001-05,2025-01-23,2025-02-22,9310.73,2025-03-03
675770529,F001-06,2025-02-22,2025-03-24,9759.12,2025-03-26
675770529,F001-07,2025-03-24,2025-04-23,7424.61,2025-04-23
675770529,F001-08,2025-04-23,2025-05-23,6380.74,2025-05-28
675770529,F001-09,2025-05-23,2025-06-22,7305.3,2025-06-23
675770529,F001-10,2025-06-22,2025-07-22,8881.03,2025-07-22
675770529,F001-11,2025-07-22,2025-08-21,5942.73,2025-08-22
675770529,F001-12,2025-08-21,2025-09-20,6775.09,2025-09-20
675770529,F001-13,2025-09-20,2025-10-20,7818.85,2025-10-22
675770529,F001-14,2025-10-20,2025-11-19,8903.18,2025-11-29
675770529,F001-15,2025-11-19,2025-12-19,6654.15,2025-12-20
675770529,F001-16,2025-12-19,2026-01-18,5868.5,2026-01-26
675770529,F001-17,2026-01-18,2026-02-17,9544.65,2026-02-21
675770529,F001-18,2026-02-17,2026-03-19,5917.71,2026-03-19
675770529,F001-19,2026-03-19,2026-04-18,9983.05,2026-04-18
675770529,F001-20,2026-04-18,2026-05-18,6620.61,2026-05-19
675770529,F001-21,2026-05-18,2026-06-17,7996.31,2026-06-23
675770529,F001-22,2026-06-17,2026-07-17,6285.78,2026-07-17
675770529,F001-23,2026-07-17,2026-08-16,6270.23,2026-08-19
675770529,F001-24,2026-08-16,2026-09-15,9185.67,2026-09-15
675770529,F001-25,2026-09-15,2026-10-15,7656.48,
647099690,F002-01,2024-09-25,2024-10-25,46138.77,2024-10-27
647099690,F002-02,2024-10-25,2024-11-24,48666.47,2024-11-28
647099690,F002-03,2024-11-24,2024-12-24,44331.55,2024-12-28
647099690,F002-04,2024-12-24,2025-01-23,42313.82,2025-01-23
647099690,F002-05,2025-01-23,2025-02-22,39233.2,2025-02-28
647099690,F002-06,2025-02-22,2025-03-24,34033.94,2025-03-24
647099690,F002-07,2025-03-24,2025-04-23,44326.8,2025-04-24
647099690,F002-08,2025-04-23,2025-05-23,30749.24,2025-05-30
647099690,F002-09,2025-05-23,2025-06-22,46446.37,2025-06-22
647099690,F002-10,2025-06-22,2025-07-22,36164.21,2025-07-25
647099690,F002-11,2025-07-22,2025-08-21,28077.89,2025-08-26
647099690,F002-12,2025-08-21,2025-09-20,45330.21,2025-09-21
647099690,F002-13,2025-09-20,2025-10-20,46287.09,2025-10-20
647099690,F002-14,2025-10-20,2025-11-19,40184.36,2025-11-25
647099690,F002-15,2025-11-19,2025-12-19,48200.06,2025-12-25
647099690,F002-16,2025-12-19,2026-01-18,40183.91,2026-01-22
647099690,F002-17,2026-01-18,2026-02-17,31877.18,2026-02-23
647099690,F002-18,2026-02-17,2026-03-19,50883.99,2026-03-28
647099690,F002-19,2026-03-19,2026-04-18,42374.67,2026-04-18
647099690,F002-20,2026-04-18,2026-05-18,39726.54,2026-05-23
647099690,F002-21,2026-05-18,2026-06-17,51647.71,2026-06-22
647099690,F002-22,2026-06-17,2026-07-17,47362.6,2026-07-20
647099690,F002-23,2026-07-17,2026-08-16,41616.57,2026-08-21
647099690,F002-24,2026-08-16,2026-09-15,29890.17,2026-09-17
647099690,F002-25,2026-09-15,2026-10-15,51471.63,
922308461,F003-01,2024-09-25,2024-10-25,16437.76,2024-10-30
922308461,F003-02,2024-10-25,2024-11-24,15249.06,2024-11-26
922308461,F003-03,2024-11-24,2024-12-24,15959.35,2025-01-03
922308461,F003-04,2024-12-24,2025-01-23,17297.39,2025-01-24
922308461,F003-05,2025-01-23,2025-02-22,16708.81,2025-02-24
922308461,F003-06,2025-02-22,2025-03-24,16545.18,2025-03-24
922308461,F003-07,2025-03-24,2025-04-23,13860.78,2025-04-29
922308461,F003-08,2025-04-23,2025-05-23,12731.15,2025-05-24
922308461,F003-09,2025-05-23,2025-06-22,11076.23,2025-06-29
922308461,F003-10,2025-06-22,2025-07-22,15795.96,2025-07-26
922308461,F003-11,2025-07-22,2025-08-21,10564.72,2025-08-24
922308461,F003-12,2025-08-21,2025-09-20,11106.6,2025-09-22
922308461,F003-13,2025-09-20,2025-10-20,10782.72,2025-10-21
922308461,F003-14,2025-10-20,2025-11-19,13006.3,2025-11-25
922308461,F003-15,2025-11-19,2025-12-19,14868.73,2025-12-19
922308461,F003-16,2025-12-19,2026-01-18,18441.45,2026-01-20
922308461,F003-17,2026-01-18,2026-02-17,15685.9,2026-02-20
922308461,F003-18,2026-02-17,2026-03-19,14163.54,2026-03-25
922308461,F003-19,2026-03-19,2026-04-18,11348.93,2026-04-19
922308461,F003-20,2026-04-18,2026-05-18,14199.92,2026-05-19
922308461,F003-21,2026-05-18,2026-06-17,18274.53,2026-06-24
922308461,F003-22,2026-06-17,2026-07-17,16315.62,2026-07-21
922308461,F003-23,2026-07-17,2026-08-16,11045.51,2026-08-18
922308461,F003-24,2026-08-16,2026-09-15,11483.42,2026-09-15
922308461,F003-25,2026-09-15,2026-10-15,12224.31,
399085574,F004-01,2024-09-25,2024-10-25,48987.66,2024-10-28
399085574,F004-02,2024-10-25,2024-11-24,29809.24,2024-11-29
399085574,F004-03,2024-11-24,2024-12-24,30349.81,2024-12-24
399085574,F004-04,2024-12-24,2025-01-23,43651.48,2025-01-25
399085574,F004-05,2025-01-23,2025-02-22,30238.31,2025-02-25
399085574,F004-06,2025-02-22,2025-03-24,46085.57,2025-03-27
399085574,F004-07,2025-03-24,2025-04-23,39552.6,2025-04-29
399085574,F004-08,2025-04-23,2025-05-23,48751.61,2025-05-27
399085574,F004-09,2025-05-23,2025-06-22,28051.73,2025-06-24
399085574,F004-10,2025-06-22,2025-07-22,37370.12,2025-07-30
399085574,F004-11,2025-07-22,2025-08-21,34845.98,2025-08-22
399085574,F004-12,2025-08-21,2025-09-20,44718.2,2025-09-22
399085574,F004-13,2025-09-20,2025-10-20,43884.91,2025-10-20
399085574,F004-14,2025-10-20,2025-11-19,39680.11,2025-11-23
399085574,F004-15,2025-11-19,2025-12-19,29403.6,2025-12-24
399085574,F004-16,2025-12-19,2026-01-18,45657.69,2026-01-23
399085574,F004-17,2026-01-18,2026-02-17,29203.42,2026-02-21
399085574,F004-18,2026-02-17,2026-03-19,39442.92,2026-03-25
399085574,F004-19,2026-03-19,2026-04-18,29365.11,2026-04-19
399085574,F004-20,2026-04-18,2026-05-18,40187.88,2026-05-22
399085574,F004-21,2026-05-18,2026-06-17,29631.06,2026-06-19
399085574,F004-22,2026-06-17,2026-07-17,48683.66,2026-07-17
399085574,F004-23,2026-07-17,2026-08-16,41672.21,2026-08-23
399085574,F004-24,2026-08-16,2026-09-15,41894.06,2026-09-19
399085574,F004-25,2026-09-15,2026-10-15,43776.96,
661333669,F005-01,2024-09-25,2024-10-25,20563.89,2024-10-28
661333669,F005-02,2024-10-25,2024-11-24,23436.79,2024-11-25
661333669,F005-03,2024-11-24,2024-12-24,27575.35,2024-12-26
661333669,F005-04,2024-12-24,2025-01-23,28777.97,2025-01-28
661333669,F005-05,2025-01-23,2025-02-22,18588.15,2025-02-22
661333669,F005-06,2025-02-22,2025-03-24,32441.45,2025-03-30
661333669,F005-07,2025-03-24,2025-04-23,18598.91,2025-04-27
661333669,F005-08,2025-04-23,2025-05-23,31498.89,2025-05-28
661333669,F005-09,2025-05-23,2025-06-22,30712.96,2025-06-27
661333669,F005-10,2025-06-22,2025-07-22,19866.2,2025-07-23
661333669,F005-11,2025-07-22,2025-08-21,30006.17,2025-08-23
661333669,F005-12,2025-08-21,2025-09-20,32308.5,2025-09-20
661333669,F005-13,2025-09-20,2025-10-20,27309.64,2025-10-29
661333669,F005-14,2025-10-20,2025-11-19,21990.68,2025-11-22
661333669,F005-15,2025-11-19,2025-12-19,27450.83,2025-12-23
661333669,F005-16,2025-12-19,2026-01-18,19231.43,2026-01-20
661333669,F005-17,2026-01-18,2026-02-17,19105.54,2026-02-18
661333669,F005-18,2026-02-17,2026-03-19,26572.45,2026-03-21
661333669,F005-19,2026-03-19,2026-04-18,28264.18,2026-04-22
661333669,F005-20,2026-04-18,2026-05-18,21459.76,2026-05-25
661333669,F005-21,2026-05-18,2026-06-17,24827.98,2026-06-25
661333669,F005-22,2026-06-17,2026-07-17,18884.48,2026-07-17
661333669,F005-23,2026-07-17,2026-08-16,23853.64,2026-08-19
661333669,F005-24,2026-08-16,2026-09-15,29066.79,2026-09-18
661333669,F005-25,2026-09-15,2026-10-15,27056.7,
857704655,F006-01,2024-09-25,2024-10-25,28232.07,2024-11-05
857704655,F006-02,2024-10-25,2024-11-24,29805.85,2024-12-04
857704655,F006-03,2024-11-24,2024-12-24,41094.17,2024-12-24
857704655,F006-04,2024-12-24,2025-01-23,48030.28,2025-01-25
857704655,F006-05,2025-01-23,2025-02-22,31058.69,2025-02-25
857704655,F006-06,2025-02-22,2025-03-24,35398.2,2025-04-03
857704655,F006-07,2025-03-24,2025-04-23,48656.86,2025-04-23
857704655,F006-08,2025-04-23,2025-05-23,49574.19,2025-05-28
857704655,F006-09,2025-05-23,2025-06-22,30467.05,2025-06-29
857704655,F006-10,2025-06-22,2025-07-22,46722.79,2025-07-29
857704655,F006-11,2025-07-22,2025-08-21,42895.88,2025-08-22
857704655,F006-12,2025-08-21,2025-09-20,31709.28,2025-10-01
857704655,F006-13,2025-09-20,2025-10-20,51428.94,2025-10-21
857704655,F006-14,2025-10-20,2025-11-19,47458.52,2025-11-24
857704655,F006-15,2025-11-19,2025-12-19,45677.55,2025-12-22
857704655,F006-16,2025-12-19,2026-01-18,35972.45,2026-01-29
857704655,F006-17,2026-01-18,2026-02-17,48737.54,2026-02-18
857704655,F006-18,2026-02-17,2026-03-19,47457.98,2026-03-22
857704655,F006-19,2026-03-19,2026-04-18,30594.3,2026-05-07
857704655,F006-20,2026-04-18,2026-05-18,48932.0,2026-06-09
857704655,F006-21,2026-05-18,2026-06-17,47598.08,2026-07-13
857704655,F006-22,2026-06-17,2026-07-17,39047.28,2026-08-20
857704655,F006-23,2026-07-17,2026-08-16,33462.29,
857704655,F006-24,2026-08-16,2026-09-15,28567.95,
857704655,F006-25,2026-09-15,2026-10-15,48744.47,
477040284,F007-01,2024-09-25,2024-10-25,51547.59,2024-10-25
477040284,F007-02,2024-10-25,2024-11-24,30768.2,2024-11-25
477040284,F007-03,2024-11-24,2024-12-24,51289.61,2024-12-30
477040284,F007-04,2024-12-24,2025-01-23,34371.19,2025-02-02
477040284,F007-05,2025-01-23,2025-02-22,30601.66,2025-02-22
477040284,F007-06,2025-02-22,2025-03-24,35528.26,2025-03-29
477040284,F007-07,2025-03-24,2025-04-23,42549.01,2025-04-23
477040284,F007-08,2025-04-23,2025-05-23,41838.11,2025-05-26
477040284,F007-09,2025-05-23,2025-06-22,34113.34,2025-06-25
477040284,F007-10,2025-06-22,2025-07-22,50213.8,2025-07-25
477040284,F007-11,2025-07-22,2025-08-21,40922.85,2025-08-23
477040284,F007-12,2025-08-21,2025-09-20,44095.08,2025-09-20
477040284,F007-13,2025-09-20,2025-10-20,36741.32,2025-10-27
477040284,F007-14,2025-10-20,2025-11-19,35924.8,2025-11-24
477040284,F007-15,2025-11-19,2025-12-19,35533.98,2025-12-25
477040284,F007-16,2025-12-19,2026-01-18,35207.73,2026-01-18
477040284,F007-17,2026-01-18,2026-02-17,35422.83,2026-02-17
477040284,F007-18,2026-02-17,2026-03-19,35095.72,2026-03-24
477040284,F007-19,2026-03-19,2026-04-18,31054.91,2026-04-18
477040284,F007-20,2026-04-18,2026-05-18,44255.63,2026-05-24
477040284,F007-21,2026-05-18,2026-06-17,49667.33,2026-06-18
477040284,F007-22,2026-06-17,2026-07-17,41150.49,2026-07-18
477040284,F007-23,2026-07-17,2026-08-16,28009.74,2026-08-18
477040284,F007-24,2026-08-16,2026-09-15,41919.63,2026-09-21
477040284,F007-25,2026-09-15,2026-10-15,43712.93,
648868899,F008-01,2024-09-25,2024-10-25,32072.59,2024-10-29
648868899,F008-02,2024-10-25,2024-11-24,30035.09,2024-11-24
648868899,F008-03,2024-11-24,2024-12-24,36044.52,2024-12-27
648868899,F008-04,2024-12-24,2025-01-23,47642.16,2025-01-26
648868899,F008-05,2025-01-23,2025-02-22,33391.38,2025-02-22
648868899,F008-06,2025-02-22,2025-03-24,32779.12,2025-03-29
648868899,F008-07,2025-03-24,2025-04-23,39403.27,2025-04-26
648868899,F008-08,2025-04-23,2025-05-23,48393.7,2025-05-29
648868899,F008-09,2025-05-23,2025-06-22,43114.37,2025-06-26
648868899,F008-10,2025-06-22,2025-07-22,32666.45,2025-07-24
648868899,F008-11,2025-07-22,2025-08-21,33855.63,2025-08-21
648868899,F008-12,2025-08-21,2025-09-20,43745.39,2025-09-28
648868899,F008-13,2025-09-20,2025-10-20,46481.11,2025-10-23
648868899,F008-14,2025-10-20,2025-11-19,30558.1,2025-11-20
648868899,F008-15,2025-11-19,2025-12-19,50991.19,2025-12-23
648868899,F008-16,2025-12-19,2026-01-18,40430.99,2026-01-23
648868899,F008-17,2026-01-18,2026-02-17,48360.07,2026-02-21
648868899,F008-18,2026-02-17,2026-03-19,38955.08,2026-03-23
648868899,F008-19,2026-03-19,2026-04-18,51709.42,2026-04-18
648868899,F008-20,2026-04-18,2026-05-18,42290.86,2026-05-27
648868899,F008-21,2026-05-18,2026-06-17,42703.66,2026-06-18
648868899,F008-22,2026-06-17,2026-07-17,45262.58,2026-07-17
648868899,F008-23,2026-07-17,2026-08-16,41148.93,2026-08-19
648868899,F008-24,2026-08-16,2026-09-15,49532.99,2026-09-18
648868899,F008-25,2026-09-15,2026-10-15,34220.6,
784683755,F009-01,2024-09-25,2024-10-25,24768.96,2024-10-28
784683755,F009-02,2024-10-25,2024-11-24,28203.17,2024-11-30
784683755,F009-03,2024-11-24,2024-12-24,21017.4,2024-12-24
784683755,F009-04,2024-12-24,2025-01-23,18708.66,2025-01-31
784683755,F009-05,2025-01-23,2025-02-22,19762.46,2025-02-24
784683755,F009-06,2025-02-22,2025-03-24,20709.29,2025-03-28
784683755,F009-07,2025-03-24,2025-04-23,23723.02,2025-04-24
784683755,F009-08,2025-04-23,2025-05-23,18433.99,2025-05-29
784683755,F009-09,2025-05-23,2025-06-22,29993.37,2025-06-22
784683755,F009-10,2025-06-22,2025-07-22,31690.93,2025-07-28
784683755,F009-11,2025-07-22,2025-08-21,17792.98,2025-08-27
784683755,F009-12,2025-08-21,2025-09-20,24654.7,2025-09-20
784683755,F009-13,2025-09-20,2025-10-20,31641.12,2025-10-22
784683755,F009-14,2025-10-20,2025-11-19,30874.62,2025-11-25
784683755,F009-15,2025-11-19,2025-12-19,30035.93,2025-12-19
784683755,F009-16,2025-12-19,2026-01-18,29498.02,2026-01-20
784683755,F009-17,2026-01-18,2026-02-17,30967.17,2026-02-18
784683755,F009-18,2026-02-17,2026-03-19,24784.63,2026-03-22
784683755,F009-19,2026-03-19,2026-04-18,23332.86,2026-04-18
784683755,F009-20,2026-04-18,2026-05-18,28362.72,2026-05-18
784683755,F009-21,2026-05-18,2026-06-17,30107.58,2026-06-27
784683755,F009-22,2026-06-17,2026-07-17,25511.85,2026-07-17
784683755,F009-23,2026-07-17,2026-08-16,31103.93,2026-08-16
784683755,F009-24,2026-08-16,2026-09-15,18759.21,2026-09-16
784683755,F009-25,2026-09-15,2026-10-15,23929.19,
507059676,F010-01,2024-09-25,2024-10-25,24320.49,2024-10-27
507059676,F010-02,2024-10-25,2024-11-24,22562.51,2024-11-29
507059676,F010-03,2024-11-24,2024-12-24,31768.06,2024-12-25
507059676,F010-04,2024-12-24,2025-01-23,23823.47,2025-01-28
507059676,F010-05,2025-01-23,2025-02-22,28735.36,2025-02-22
507059676,F010-06,2025-02-22,2025-03-24,18281.28,2025-03-29
507059676,F010-07,2025-03-24,2025-04-23,18529.28,2025-04-25
507059676,F010-08,2025-04-23,2025-05-23,31859.28,2025-05-27
507059676,F010-09,2025-05-23,2025-06-22,21209.25,2025-06-25
507059676,F010-10,2025-06-22,2025-07-22,30088.43,2025-07-23
507059676,F010-11,2025-07-22,2025-08-21,24603.42,2025-08-22
507059676,F010-12,2025-08-21,2025-09-20,19215.84,2025-09-26
507059676,F010-13,2025-09-20,2025-10-20,21343.66,2025-10-22
507059676,F010-14,2025-10-20,2025-11-19,23033.43,2025-11-19
507059676,F010-15,2025-11-19,2025-12-19,28275.36,2025-12-19
507059676,F010-16,2025-12-19,2026-01-18,29166.88,2026-01-22
507059676,F010-17,2026-01-18,2026-02-17,26180.27,2026-02-22
507059676,F010-18,2026-02-17,2026-03-19,31433.31,2026-03-19
507059676,F010-19,2026-03-19,2026-04-18,23129.6,2026-04-18
507059676,F010-20,2026-04-18,2026-05-18,31622.06,2026-05-22
507059676,F010-21,2026-05-18,2026-06-17,29958.57,2026-06-24
507059676,F010-22,2026-06-17,2026-07-17,21142.74,2026-07-19
507059676,F010-23,2026-07-17,2026-08-16,27763.89,2026-08-17
507059676,F010-24,2026-08-16,2026-09-15,29582.92,2026-09-19
507059676,F010-25,2026-09-15,2026-10-15,18116.04,
559967386,F011-01,2024-09-25,2024-10-25,25089.41,2024-10-25
559967386,F011-02,2024-10-25,2024-11-24,29834.96,2024-12-02
559967386,F011-03,2024-11-24,2024-12-24,19083.08,2024-12-31
559967386,F011-04,2024-12-24,2025-01-23,29930.61,2025-01-25
559967386,F011-05,2025-01-23,2025-02-22,28109.63,2025-02-22
559967386,F011-06,2025-02-22,2025-03-24,31982.11,2025-03-29
559967386,F011-07,2025-03-24,2025-04-23,21551.24,2025-04-27
559967386,F011-08,2025-04-23,2025-05-23,24752.46,2025-05-23
559967386,F011-09,2025-05-23,2025-06-22,24033.62,2025-06-25
559967386,F011-10,2025-06-22,2025-07-22,30275.7,2025-07-23
559967386,F011-11,2025-07-22,2025-08-21,29960.97,2025-08-29
559967386,F011-12,2025-08-21,2025-09-20,21157.95,2025-09-26
559967386,F011-13,2025-09-20,2025-10-20,24470.63,2025-10-21
559967386,F011-14,2025-10-20,2025-11-19,17930.5,2025-11-20
559967386,F011-15,2025-11-19,2025-12-19,30264.29,2025-12-23
559967386,F011-16,2025-12-19,2026-01-18,29467.49,2026-01-23
559967386,F011-17,2026-01-18,2026-02-17,22605.08,2026-02-23
559967386,F011-18,2026-02-17,2026-03-19,21644.03,2026-03-19
559967386,F011-19,2026-03-19,2026-04-18,17652.27,2026-04-22
559967386,F011-20,2026-04-18,2026-05-18,28301.12,2026-05-21
559967386,F011-21,2026-05-18,2026-06-17,24828.67,2026-06-20
559967386,F011-22,2026-06-17,2026-07-17,27188.54,2026-07-17
559967386,F011-23,2026-07-17,2026-08-16,24862.32,2026-08-19
559967386,F011-24,2026-08-16,2026-09-15,20823.95,2026-09-17
559967386,F011-25,2026-09-15,2026-10-15,27876.81,
694287057,F012-01,2024-09-25,2024-10-25,32449.47,2024-11-01
694287057,F012-02,2024-10-25,2024-11-24,25755.83,2024-11-25
694287057,F012-03,2024-11-24,2024-12-24,22099.34,2024-12-30
694287057,F012-04,2024-12-24,2025-01-23,20958.07,2025-01-26
694287057,F012-05,2025-01-23,2025-02-22,28643.22,2025-02-22
694287057,F012-06,2025-02-22,2025-03-24,31763.16,2025-03-26
694287057,F012-07,2025-03-24,2025-04-23,28579.07,2025-04-24
694287057,F012-08,2025-04-23,2025-05-23,21647.49,2025-05-23
694287057,F012-09,2025-05-23,2025-06-22,26451.86,2025-06-22
694287057,F012-10,2025-06-22,2025-07-22,32207.66,2025-07-26
694287057,F012-11,2025-07-22,2025-08-21,22913.22,2025-08-22
694287057,F012-12,2025-08-21,2025-09-20,22034.01,2025-09-23
694287057,F012-13,2025-09-20,2025-10-20,18182.74,2025-10-21
694287057,F012-14,2025-10-20,2025-11-19,18317.89,2025-11-20
694287057,F012-15,2025-11-19,2025-12-19,27068.04,2025-12-29
694287057,F012-16,2025-12-19,2026-01-18,28791.88,2026-01-21
694287057,F012-17,2026-01-18,2026-02-17,21765.09,2026-02-20
694287057,F012-18,2026-02-17,2026-03-19,24680.71,2026-03-19
694287057,F012-19,2026-03-19,2026-04-18,21287.18,2026-04-28
694287057,F012-20,2026-04-18,2026-05-18,30425.84,2026-05-22
694287057,F012-21,2026-05-18,2026-06-17,24876.2,2026-06-21
694287057,F012-22,2026-06-17,2026-07-17,26155.32,2026-07-19
694287057,F012-23,2026-07-17,2026-08-16,29667.13,2026-08-17
694287057,F012-24,2026-08-16,2026-09-15,31736.88,2026-09-20
694287057,F012-25,2026-09-15,2026-10-15,25871.1,
751028618,F013-01,2024-09-25,2024-10-25,13923.4,2024-10-30
751028618,F013-02,2024-10-25,2024-11-24,15796.73,2024-11-26
751028618,F013-03,2024-11-24,2024-12-24,14359.47,2024-12-26
751028618,F013-04,2024-12-24,2025-01-23,19140.98,2025-01-26
751028618,F013-05,2025-01-23,2025-02-22,11393.1,2025-02-25
751028618,F013-06,2025-02-22,2025-03-24,12881.82,2025-03-24
751028618,F013-07,2025-03-24,2025-04-23,11230.69,2025-04-26
751028618,F013-08,2025-04-23,2025-05-23,11908.79,2025-05-30
751028618,F013-09,2025-05-23,2025-06-22,14176.66,2025-06-24
751028618,F013-10,2025-06-22,2025-07-22,10793.76,2025-07-22
751028618,F013-11,2025-07-22,2025-08-21,13092.94,2025-08-23
751028618,F013-12,2025-08-21,2025-09-20,11140.62,2025-09-29
751028618,F013-13,2025-09-20,2025-10-20,12600.81,2025-10-23
751028618,F013-14,2025-10-20,2025-11-19,15808.11,2025-11-27
751028618,F013-15,2025-11-19,2025-12-19,17735.15,2025-12-22
751028618,F013-16,2025-12-19,2026-01-18,12523.29,2026-01-22
751028618,F013-17,2026-01-18,2026-02-17,11840.9,2026-02-20
751028618,F013-18,2026-02-17,2026-03-19,11036.74,2026-03-24
751028618,F013-19,2026-03-19,2026-04-18,17633.66,2026-04-18
751028618,F013-20,2026-04-18,2026-05-18,18790.73,2026-05-18
751028618,F013-21,2026-05-18,2026-06-17,14452.38,2026-06-17
751028618,F013-22,2026-06-17,2026-07-17,14122.58,2026-07-20
751028618,F013-23,2026-07-17,2026-08-16,12950.22,2026-08-16
751028618,F013-24,2026-08-16,2026-09-15,15882.33,2026-09-17
751028618,F013-25,2026-09-15,2026-10-15,18504.81,
198061499,F014-01,2024-09-25,2024-10-25,18023.63,2024-10-25
198061499,F014-02,2024-10-25,2024-11-24,15676.79,2024-12-08
198061499,F014-03,2024-11-24,2024-12-24,16550.53,2024-12-24
198061499,F014-04,2024-12-24,2025-01-23,12925.6,2025-01-31
198061499,F014-05,2025-01-23,2025-02-22,14734.51,2025-02-26
198061499,F014-06,2025-02-22,2025-03-24,16363.59,2025-03-29
198061499,F014-07,2025-03-24,2025-04-23,15767.97,2025-04-25
198061499,F014-08,2025-04-23,2025-05-23,16213.06,2025-05-25
198061499,F014-09,2025-05-23,2025-06-22,13631.65,2025-06-25
198061499,F014-10,2025-06-22,2025-07-22,13499.78,2025-07-22
198061499,F014-11,2025-07-22,2025-08-21,13468.23,2025-08-21
198061499,F014-12,2025-08-21,2025-09-20,16743.06,2025-09-21
198061499,F014-13,2025-09-20,2025-10-20,17822.09,2025-10-30
198061499,F014-14,2025-10-20,2025-11-19,15450.87,2025-11-19
198061499,F014-15,2025-11-19,2025-12-19,13409.46,2025-12-23
198061499,F014-16,2025-12-19,2026-01-18,19231.66,2026-01-18
198061499,F014-17,2026-01-18,2026-02-17,19393.07,2026-02-22
198061499,F014-18,2026-02-17,2026-03-19,16418.94,2026-03-19
198061499,F014-19,2026-03-19,2026-04-18,12188.24,2026-04-20
198061499,F014-20,2026-04-18,2026-05-18,13756.01,2026-05-21
198061499,F014-21,2026-05-18,2026-06-17,17339.91,2026-06-17
198061499,F014-22,2026-06-17,2026-07-17,12332.02,2026-07-17
198061499,F014-23,2026-07-17,2026-08-16,14443.04,2026-08-17
198061499,F014-24,2026-08-16,2026-09-15,16784.25,2026-09-24
198061499,F014-25,2026-09-15,2026-10-15,15979.85,
862123506,F015-01,2024-09-25,2024-10-25,15457.55,2024-11-02
862123506,F015-02,2024-10-25,2024-11-24,19430.31,2024-12-05
862123506,F015-03,2024-11-24,2024-12-24,18716.37,2025-01-01
862123506,F015-04,2024-12-24,2025-01-23,17989.29,2025-02-05
862123506,F015-05,2025-01-23,2025-02-22,14985.38,2025-03-04
862123506,F015-06,2025-02-22,2025-03-24,12960.82,2025-03-26
862123506,F015-07,2025-03-24,2025-04-23,18012.52,2025-05-12
862123506,F015-08,2025-04-23,2025-05-23,15461.39,2025-06-03
862123506,F015-09,2025-05-23,2025-06-22,13952.27,2025-07-13
862123506,F015-10,2025-06-22,2025-07-22,18413.94,2025-07-29
862123506,F015-11,2025-07-22,2025-08-21,18276.24,2025-08-30
862123506,F015-12,2025-08-21,2025-09-20,14234.48,2025-10-18
862123506,F015-13,2025-09-20,2025-10-20,18908.24,2025-10-20
862123506,F015-14,2025-10-20,2025-11-19,13045.55,2025-11-30
862123506,F015-15,2025-11-19,2025-12-19,13187.0,2025-12-19
862123506,F015-16,2025-12-19,2026-01-18,14906.76,2026-01-18
862123506,F015-17,2026-01-18,2026-02-17,11837.36,2026-02-21
862123506,F015-18,2026-02-17,2026-03-19,15467.26,2026-03-29
862123506,F015-19,2026-03-19,2026-04-18,15390.87,2026-04-22
862123506,F015-20,2026-04-18,2026-05-18,12197.87,2026-06-01
862123506,F015-21,2026-05-18,2026-06-17,16777.49,2026-06-23
862123506,F015-22,2026-06-17,2026-07-17,17479.9,2026-07-26
862123506,F015-23,2026-07-17,2026-08-16,10892.83,2026-08-28
862123506,F015-24,2026-08-16,2026-09-15,17802.68,2026-09-15
862123506,F015-25,2026-09-15,2026-10-15,13974.71,
631855083,F016-01,2024-09-25,2024-10-25,8011.0,2024-10-25
631855083,F016-02,2024-10-25,2024-11-24,8432.87,2024-12-19
631855083,F016-03,2024-11-24,2024-12-24,7713.47,2024-12-24
631855083,F016-04,2024-12-24,2025-01-23,8124.57,2025-01-23
631855083,F016-05,2025-01-23,2025-02-22,7567.9,2025-03-10
631855083,F016-06,2025-02-22,2025-03-24,8742.95,2025-04-11
631855083,F016-07,2025-03-24,2025-04-23,10252.18,2025-05-13
631855083,F016-08,2025-04-23,2025-05-23,7225.09,2025-05-30
631855083,F016-09,2025-05-23,2025-06-22,9688.47,2025-06-22
631855083,F016-10,2025-06-22,2025-07-22,9691.24,2025-08-09
631855083,F016-11,2025-07-22,2025-08-21,7119.97,2025-08-26
631855083,F016-12,2025-08-21,2025-09-20,9049.84,2025-10-03
631855083,F016-13,2025-09-20,2025-10-20,5772.32,2025-10-20
631855083,F016-14,2025-10-20,2025-11-19,5928.42,2025-11-19
631855083,F016-15,2025-11-19,2025-12-19,10387.64,2025-12-19
631855083,F016-16,2025-12-19,2026-01-18,9184.48,2026-01-26
631855083,F016-17,2026-01-18,2026-02-17,8641.99,2026-03-03
631855083,F016-18,2026-02-17,2026-03-19,9788.38,2026-03-19
631855083,F016-19,2026-03-19,2026-04-18,9936.44,2026-05-05
631855083,F016-20,2026-04-18,2026-05-18,5820.76,2026-06-01
631855083,F016-21,2026-05-18,2026-06-17,7399.24,2026-06-22
631855083,F016-22,2026-06-17,2026-07-17,6298.74,2026-07-18
631855083,F016-23,2026-07-17,2026-08-16,9404.09,2026-08-26
631855083,F016-24,2026-08-16,2026-09-15,6415.92,
631855083,F016-25,2026-09-15,2026-10-15,8574.61,
634366139,F017-01,2024-09-25,2024-10-25,14650.35,2024-10-28
634366139,F017-02,2024-10-25,2024-11-24,10584.58,2024-11-29
634366139,F017-03,2024-11-24,2024-12-24,17741.7,2024-12-31
634366139,F017-04,2024-12-24,2025-01-23,11921.78,2025-01-23
634366139,F017-05,2025-01-23,2025-02-22,14475.57,2025-02-23
634366139,F017-06,2025-02-22,2025-03-24,16250.45,2025-03-30
634366139,F017-07,2025-03-24,2025-04-23,14318.78,2025-04-26
634366139,F017-08,2025-04-23,2025-05-23,12292.95,2025-06-01
634366139,F017-09,2025-05-23,2025-06-22,13962.24,2025-06-23
634366139,F017-10,2025-06-22,2025-07-22,15647.3,2025-07-25
634366139,F017-11,2025-07-22,2025-08-21,15673.31,2025-08-27
634366139,F017-12,2025-08-21,2025-09-20,19301.5,2025-09-23
634366139,F017-13,2025-09-20,2025-10-20,16424.07,2025-10-22
634366139,F017-14,2025-10-20,2025-11-19,16672.2,2025-11-26
634366139,F017-15,2025-11-19,2025-12-19,17202.02,2025-12-26
634366139,F017-16,2025-12-19,2026-01-18,14970.55,2026-01-22
634366139,F017-17,2026-01-18,2026-02-17,18637.4,2026-02-19
634366139,F017-18,2026-02-17,2026-03-19,15963.58,2026-03-27
634366139,F017-19,2026-03-19,2026-04-18,13670.89,2026-04-18
634366139,F017-20,2026-04-18,2026-05-18,16599.88,2026-05-18
634366139,F017-21,2026-05-18,2026-06-17,16988.36,2026-06-17
634366139,F017-22,2026-06-17,2026-07-17,16154.23,2026-07-17
634366139,F017-23,2026-07-17,2026-08-16,18630.63,2026-08-17
634366139,F017-24,2026-08-16,2026-09-15,14467.41,2026-09-16
634366139,F017-25,2026-09-15,2026-10-15,15716.16,
450811990,F018-01,2024-09-25,2024-10-25,32819.08,2024-10-27
450811990,F018-02,2024-10-25,2024-11-24,46876.31,2024-11-29
450811990,F018-03,2024-11-24,2024-12-24,40043.07,2024-12-25
450811990,F018-04,2024-12-24,2025-01-23,34540.66,2025-01-29
450811990,F018-05,2025-01-23,2025-02-22,50660.51,2025-03-03
450811990,F018-06,2025-02-22,2025-03-24,51217.22,2025-03-25
450811990,F018-07,2025-03-24,2025-04-23,47301.58,2025-05-02
450811990,F018-08,2025-04-23,2025-05-23,39239.95,2025-05-30
450811990,F018-09,2025-05-23,2025-06-22,33414.75,2025-06-27
450811990,F018-10,2025-06-22,2025-07-22,44231.77,2025-07-24
450811990,F018-11,2025-07-22,2025-08-21,48297.87,2025-08-21
450811990,F018-12,2025-08-21,2025-09-20,41375.5,2025-09-26
450811990,F018-13,2025-09-20,2025-10-20,34347.01,2025-10-25
450811990,F018-14,2025-10-20,2025-11-19,30966.13,2025-11-19
450811990,F018-15,2025-11-19,2025-12-19,34291.87,2025-12-26
450811990,F018-16,2025-12-19,2026-01-18,37144.61,2026-01-19
450811990,F018-17,2026-01-18,2026-02-17,44196.08,2026-02-18
450811990,F018-18,2026-02-17,2026-03-19,39315.44,2026-03-19
450811990,F018-19,2026-03-19,2026-04-18,35872.15,2026-04-18
450811990,F018-20,2026-04-18,2026-05-18,42641.97,2026-05-18
450811990,F018-21,2026-05-18,2026-06-17,39142.42,2026-06-17
450811990,F018-22,2026-06-17,2026-07-17,44825.85,2026-07-19
450811990,F018-23,2026-07-17,2026-08-16,29088.32,2026-08-18
450811990,F018-24,2026-08-16,2026-09-15,28893.09,2026-09-19
450811990,F018-25,2026-09-15,2026-10-15,33635.2,
245668163,F019-01,2024-09-25,2024-10-25,36904.28,2024-11-19
245668163,F019-02,2024-10-25,2024-11-24,40964.62,2024-12-02
245668163,F019-03,2024-11-24,2024-12-24,42096.17,2025-01-02
245668163,F019-04,2024-12-24,2025-01-23,43718.13,2025-01-23
245668163,F019-05,2025-01-23,2025-02-22,48008.63,2025-02-22
245668163,F019-06,2025-02-22,2025-03-24,34713.76,2025-03-24
245668163,F019-07,2025-03-24,2025-04-23,44566.74,2025-05-07
245668163,F019-08,2025-04-23,2025-05-23,33666.7,2025-06-14
245668163,F019-09,2025-05-23,2025-06-22,36704.46,2025-07-13
245668163,F019-10,2025-06-22,2025-07-22,49640.71,2025-08-02
245668163,F019-11,2025-07-22,2025-08-21,43475.84,2025-09-09
245668163,F019-12,2025-08-21,2025-09-20,51236.97,2025-10-05
245668163,F019-13,2025-09-20,2025-10-20,50776.26,2025-11-03
245668163,F019-14,2025-10-20,2025-11-19,33090.54,2025-11-27
245668163,F019-15,2025-11-19,2025-12-19,43347.83,2026-01-03
245668163,F019-16,2025-12-19,2026-01-18,36004.22,2026-01-29
245668163,F019-17,2026-01-18,2026-02-17,51731.7,2026-03-02
245668163,F019-18,2026-02-17,2026-03-19,47915.63,2026-03-25
245668163,F019-19,2026-03-19,2026-04-18,41300.99,2026-04-18
245668163,F019-20,2026-04-18,2026-05-18,33591.97,2026-05-21
245668163,F019-21,2026-05-18,2026-06-17,46584.85,2026-07-02
245668163,F019-22,2026-06-17,2026-07-17,34654.6,2026-07-17
245668163,F019-23,2026-07-17,2026-08-16,51616.68,2026-09-08
245668163,F019-24,2026-08-16,2026-09-15,47164.33,2026-09-26
245668163,F019-25,2026-09-15,2026-10-15,30638.23,
948239575,F020-01,2024-09-25,2024-10-25,13413.94,2024-10-27
948239575,F020-02,2024-10-25,2024-11-24,12068.22,2024-12-02
948239575,F020-03,2024-11-24,2024-12-24,15234.77,2024-12-29
948239575,F020-04,2024-12-24,2025-01-23,17210.99,2025-01-23
948239575,F020-05,2025-01-23,2025-02-22,15119.14,2025-02-26
948239575,F020-06,2025-02-22,2025-03-24,11481.49,2025-03-24
948239575,F020-07,2025-03-24,2025-04-23,10890.29,2025-04-26
948239575,F020-08,2025-04-23,2025-05-23,17549.04,2025-05-28
948239575,F020-09,2025-05-23,2025-06-22,14622.38,2025-06-22
948239575,F020-10,2025-06-22,2025-07-22,19176.24,2025-07-28
948239575,F020-11,2025-07-22,2025-08-21,14114.56,2025-08-25
948239575,F020-12,2025-08-21,2025-09-20,16674.88,2025-09-20
948239575,F020-13,2025-09-20,2025-10-20,11161.42,2025-10-23
948239575,F020-14,2025-10-20,2025-11-19,11227.11,2025-11-21
948239575,F020-15,2025-11-19,2025-12-19,12975.14,2025-12-21
948239575,F020-16,2025-12-19,2026-01-18,16197.69,2026-01-18
948239575,F020-17,2026-01-18,2026-02-17,19451.65,2026-02-19
948239575,F020-18,2026-02-17,2026-03-19,15275.01,2026-03-19
948239575,F020-19,2026-03-19,2026-04-18,11392.61,2026-04-22
948239575,F020-20,2026-04-18,2026-05-18,16816.01,2026-05-24
948239575,F020-21,2026-05-18,2026-06-17,17420.66,2026-06-17
948239575,F020-22,2026-06-17,2026-07-17,16987.56,2026-07-21
948239575,F020-23,2026-07-17,2026-08-16,12556.44,2026-08-22
948239575,F020-24,2026-08-16,2026-09-15,13550.38,2026-09-15
948239575,F020-25,2026-09-15,2026-10-15,11355.77,
435569630,F021-01,2024-09-25,2024-10-25,31803.89,2024-10-27
435569630,F021-02,2024-10-25,2024-11-24,18868.37,2024-11-24
435569630,F021-03,2024-11-24,2024-12-24,18780.47,2024-12-24
435569630,F021-04,2024-12-24,2025-01-23,23089.7,2025-01-30
435569630,F021-05,2025-01-23,2025-02-22,19451.73,2025-03-07
435569630,F021-06,2025-02-22,2025-03-24,25925.25,2025-04-01
435569630,F021-07,2025-03-24,2025-04-23,27550.2,2025-04-23
435569630,F021-08,2025-04-23,2025-05-23,31616.95,2025-05-31
435569630,F021-09,2025-05-23,2025-06-22,23844.05,2025-06-27
435569630,F021-10,2025-06-22,2025-07-22,21814.44,2025-07-25
435569630,F021-11,2025-07-22,2025-08-21,22186.73,2025-08-29
435569630,F021-12,2025-08-21,2025-09-20,19820.95,2025-09-27
435569630,F021-13,2025-09-20,2025-10-20,24732.84,2025-10-26
435569630,F021-14,2025-10-20,2025-11-19,25843.98,2025-11-20
435569630,F021-15,2025-11-19,2025-12-19,19223.28,2025-12-22
435569630,F021-16,2025-12-19,2026-01-18,23936.69,2026-01-25
435569630,F021-17,2026-01-18,2026-02-17,25914.49,2026-02-22
435569630,F021-18,2026-02-17,2026-03-19,27624.65,2026-03-19
435569630,F021-19,2026-03-19,2026-04-18,25851.1,2026-04-25
435569630,F021-20,2026-04-18,2026-05-18,27902.07,2026-06-03
435569630,F021-21,2026-05-18,2026-06-17,17934.3,2026-07-14
435569630,F021-22,2026-06-17,2026-07-17,31323.06,2026-08-29
435569630,F021-23,2026-07-17,2026-08-16,22765.35,2026-09-30
435569630,F021-24,2026-08-16,2026-09-15,27360.17,
435569630,F021-25,2026-09-15,2026-10-15,18543.78,
901131404,F022-01,2024-09-25,2024-10-25,14278.49,2024-10-25
901131404,F022-02,2024-10-25,2024-11-24,13568.06,2024-11-24
901131404,F022-03,2024-11-24,2024-12-24,17491.52,2024-12-30
901131404,F022-04,2024-12-24,2025-01-23,15608.34,2025-01-27
901131404,F022-05,2025-01-23,2025-02-22,11916.69,2025-02-26
901131404,F022-06,2025-02-22,2025-03-24,16060.54,2025-03-26
901131404,F022-07,2025-03-24,2025-04-23,16457.45,2025-04-24
901131404,F022-08,2025-04-23,2025-05-23,14870.96,2025-05-24
901131404,F022-09,2025-05-23,2025-06-22,17294.49,2025-06-26
901131404,F022-10,2025-06-22,2025-07-22,11524.36,2025-07-23
901131404,F022-11,2025-07-22,2025-08-21,16606.38,2025-08-25
901131404,F022-12,2025-08-21,2025-09-20,14879.69,2025-09-23
901131404,F022-13,2025-09-20,2025-10-20,14057.37,2025-10-22
901131404,F022-14,2025-10-20,2025-11-19,15893.92,2025-11-25
901131404,F022-15,2025-11-19,2025-12-19,12401.11,2025-12-22
901131404,F022-16,2025-12-19,2026-01-18,11735.11,2026-01-21
901131404,F022-17,2026-01-18,2026-02-17,10569.57,2026-02-23
901131404,F022-18,2026-02-17,2026-03-19,17223.13,2026-03-23
901131404,F022-19,2026-03-19,2026-04-18,16833.04,2026-04-24
901131404,F022-20,2026-04-18,2026-05-18,15002.36,2026-05-24
901131404,F022-21,2026-05-18,2026-06-17,11148.68,2026-06-17
901131404,F022-22,2026-06-17,2026-07-17,18255.88,2026-07-21
901131404,F022-23,2026-07-17,2026-08-16,18790.46,2026-08-19
901131404,F022-24,2026-08-16,2026-09-15,18258.99,2026-09-15
901131404,F022-25,2026-09-15,2026-10-15,16885.49,
410864588,F023-01,2024-09-25,2024-10-25,5700.11,2024-10-26
410864588,F023-02,2024-10-25,2024-11-24,8567.0,2024-12-02
410864588,F023-03,2024-11-24,2024-12-24,9593.72,2024-12-28
410864588,F023-04,2024-12-24,2025-01-23,9653.52,2025-01-25
410864588,F023-05,2025-01-23,2025-02-22,6767.92,2025-02-22
410864588,F023-06,2025-02-22,2025-03-24,7499.68,2025-03-25
410864588,F023-07,2025-03-24,2025-04-23,7089.32,2025-04-25
410864588,F023-08,2025-04-23,2025-05-23,6407.04,2025-05-28
410864588,F023-09,2025-05-23,2025-06-22,8050.32,2025-06-28
410864588,F023-10,2025-06-22,2025-07-22,9948.43,2025-07-27
410864588,F023-11,2025-07-22,2025-08-21,7277.0,2025-08-23
410864588,F023-12,2025-08-21,2025-09-20,9512.18,2025-09-20
410864588,F023-13,2025-09-20,2025-10-20,6734.09,2025-10-24
410864588,F023-14,2025-10-20,2025-11-19,8491.52,2025-11-24
410864588,F023-15,2025-11-19,2025-12-19,9249.03,2025-12-21
410864588,F023-16,2025-12-19,2026-01-18,9309.67,2026-01-19
410864588,F023-17,2026-01-18,2026-02-17,7971.76,2026-02-20
410864588,F023-18,2026-02-17,2026-03-19,7754.75,2026-03-19
410864588,F023-19,2026-03-19,2026-04-18,10035.94,2026-04-18
410864588,F023-20,2026-04-18,2026-05-18,8597.7,2026-05-19
410864588,F023-21,2026-05-18,2026-06-17,9748.38,2026-06-19
410864588,F023-22,2026-06-17,2026-07-17,5927.77,2026-07-19
410864588,F023-23,2026-07-17,2026-08-16,7722.6,2026-08-18
410864588,F023-24,2026-08-16,2026-09-15,5869.63,2026-09-20
410864588,F023-25,2026-09-15,2026-10-15,8035.22,
495928981,F024-01,2024-09-25,2024-10-25,27170.0,2024-11-03
495928981,F024-02,2024-10-25,2024-11-24,32160.53,2024-12-04
495928981,F024-03,2024-11-24,2024-12-24,23267.24,2025-01-01
495928981,F024-04,2024-12-24,2025-01-23,26204.94,2025-02-03
495928981,F024-05,2025-01-23,2025-02-22,18115.34,2025-02-25
495928981,F024-06,2025-02-22,2025-03-24,31135.75,2025-03-27
495928981,F024-07,2025-03-24,2025-04-23,26575.09,2025-04-27
495928981,F024-08,2025-04-23,2025-05-23,25020.51,2025-06-01
495928981,F024-09,2025-05-23,2025-06-22,29664.5,2025-06-26
495928981,F024-10,2025-06-22,2025-07-22,30060.66,2025-07-29
495928981,F024-11,2025-07-22,2025-08-21,27191.91,2025-08-26
495928981,F024-12,2025-08-21,2025-09-20,18087.13,2025-09-22
495928981,F024-13,2025-09-20,2025-10-20,25361.03,2025-10-20
495928981,F024-14,2025-10-20,2025-11-19,26647.08,2025-11-19
495928981,F024-15,2025-11-19,2025-12-19,23311.25,2025-12-31
495928981,F024-16,2025-12-19,2026-01-18,29116.97,2026-01-22
495928981,F024-17,2026-01-18,2026-02-17,26963.3,2026-02-27
495928981,F024-18,2026-02-17,2026-03-19,22519.74,2026-04-03
495928981,F024-19,2026-03-19,2026-04-18,23298.46,2026-05-15
495928981,F024-20,2026-04-18,2026-05-18,21279.94,2026-06-22
495928981,F024-21,2026-05-18,2026-06-17,26540.51,2026-07-14
495928981,F024-22,2026-06-17,2026-07-17,19755.6,
495928981,F024-23,2026-07-17,2026-08-16,18722.53,
495928981,F024-24,2026-08-16,2026-09-15,27454.18,
495928981,F024-25,2026-09-15,2026-10-15,31251.2,
804433388,F025-01,2024-09-25,2024-10-25,42280.99,2024-11-01
804433388,F025-02,2024-10-25,2024-11-24,37040.3,2024-11-27
804433388,F025-03,2024-11-24,2024-12-24,46999.89,2024-12-30
804433388,F025-04,2024-12-24,2025-01-23,47895.02,2025-01-23
804433388,F025-05,2025-01-23,2025-02-22,45730.59,2025-02-24
804433388,F025-06,2025-02-22,2025-03-24,43504.6,2025-03-24
804433388,F025-07,2025-03-24,2025-04-23,38161.75,2025-04-25
804433388,F025-08,2025-04-23,2025-05-23,32326.31,2025-05-30
804433388,F025-09,2025-05-23,2025-06-22,33140.62,2025-06-30
804433388,F025-10,2025-06-22,2025-07-22,33437.03,2025-07-25
804433388,F025-11,2025-07-22,2025-08-21,31301.57,2025-09-01
804433388,F025-12,2025-08-21,2025-09-20,30427.38,2025-09-28
804433388,F025-13,2025-09-20,2025-10-20,46500.99,2025-10-28
804433388,F025-14,2025-10-20,2025-11-19,28905.94,2025-11-19
804433388,F025-15,2025-11-19,2025-12-19,36082.34,2025-12-23
804433388,F025-16,2025-12-19,2026-01-18,37041.28,2026-01-20
804433388,F025-17,2026-01-18,2026-02-17,31893.93,2026-02-24
804433388,F025-18,2026-02-17,2026-03-19,47417.05,2026-03-19
804433388,F025-19,2026-03-19,2026-04-18,31972.94,2026-04-26
804433388,F025-20,2026-04-18,2026-05-18,44232.71,2026-06-09
804433388,F025-21,2026-05-18,2026-06-17,33700.72,2026-07-12
804433388,F025-22,2026-06-17,2026-07-17,45964.88,2026-08-23
804433388,F025-23,2026-07-17,2026-08-16,38774.27,2026-09-26
804433388,F025-24,2026-08-16,2026-09-15,47406.97,
804433388,F025-25,2026-09-15,2026-10-15,39256.37,
573087862,F026-01,2024-09-25,2024-10-25,46674.98,2024-10-26
573087862,F026-02,2024-10-25,2024-11-24,40069.76,2024-11-25
573087862,F026-03,2024-11-24,2024-12-24,32792.75,2024-12-28
573087862,F026-04,2024-12-24,2025-01-23,42511.92,2025-01-27
573087862,F026-05,2025-01-23,2025-02-22,39534.18,2025-02-24
573087862,F026-06,2025-02-22,2025-03-24,36909.09,2025-03-31
573087862,F026-07,2025-03-24,2025-04-23,40381.83,2025-04-24
573087862,F026-08,2025-04-23,2025-05-23,30992.27,2025-05-28
573087862,F026-09,2025-05-23,2025-06-22,38783.66,2025-06-26
573087862,F026-10,2025-06-22,2025-07-22,40320.47,2025-07-26
573087862,F026-11,2025-07-22,2025-08-21,49852.12,2025-08-23
573087862,F026-12,2025-08-21,2025-09-20,47600.88,2025-09-28
573087862,F026-13,2025-09-20,2025-10-20,37957.53,2025-10-20
573087862,F026-14,2025-10-20,2025-11-19,37514.9,2025-11-20
573087862,F026-15,2025-11-19,2025-12-19,29958.53,2025-12-24
573087862,F026-16,2025-12-19,2026-01-18,33388.93,2026-01-20
573087862,F026-17,2026-01-18,2026-02-17,45152.9,2026-02-21
573087862,F026-18,2026-02-17,2026-03-19,36046.97,2026-03-23
573087862,F026-19,2026-03-19,2026-04-18,50017.51,2026-04-22
573087862,F026-20,2026-04-18,2026-05-18,39338.92,2026-05-23
573087862,F026-21,2026-05-18,2026-06-17,39258.64,2026-06-17
573087862,F026-22,2026-06-17,2026-07-17,42768.36,2026-07-20
573087862,F026-23,2026-07-17,2026-08-16,33175.71,2026-08-19
573087862,F026-24,2026-08-16,2026-09-15,31588.47,2026-09-22
573087862,F026-25,2026-09-15,2026-10-15,38158.11,
355164255,F027-01,2024-09-25,2024-10-25,18216.24,2024-10-25
355164255,F027-02,2024-10-25,2024-11-24,24356.7,2024-11-30
355164255,F027-03,2024-11-24,2024-12-24,19162.87,2024-12-30
355164255,F027-04,2024-12-24,2025-01-23,17746.53,2025-01-24
355164255,F027-05,2025-01-23,2025-02-22,25230.64,2025-02-25
355164255,F027-06,2025-02-22,2025-03-24,23938.58,2025-03-29
355164255,F027-07,2025-03-24,2025-04-23,26722.14,2025-04-26
355164255,F027-08,2025-04-23,2025-05-23,27465.57,2025-05-29
355164255,F027-09,2025-05-23,2025-06-22,18784.21,2025-06-26
355164255,F027-10,2025-06-22,2025-07-22,25390.89,2025-07-25
355164255,F027-11,2025-07-22,2025-08-21,25109.92,2025-08-28
355164255,F027-12,2025-08-21,2025-09-20,23356.81,2025-09-23
355164255,F027-13,2025-09-20,2025-10-20,24552.03,2025-10-20
355164255,F027-14,2025-10-20,2025-11-19,21304.75,2025-11-19
355164255,F027-15,2025-11-19,2025-12-19,17743.63,2025-12-23
355164255,F027-16,2025-12-19,2026-01-18,28494.12,2026-01-18
355164255,F027-17,2026-01-18,2026-02-17,26923.85,2026-02-21
355164255,F027-18,2026-02-17,2026-03-19,22487.78,2026-03-19
355164255,F027-19,2026-03-19,2026-04-18,18165.04,2026-04-18
355164255,F027-20,2026-04-18,2026-05-18,20126.34,2026-05-19
355164255,F027-21,2026-05-18,2026-06-17,29187.14,2026-06-17
355164255,F027-22,2026-06-17,2026-07-17,26976.04,2026-07-21
355164255,F027-23,2026-07-17,2026-08-16,29672.47,2026-08-24
355164255,F027-24,2026-08-16,2026-09-15,24365.19,2026-09-20
355164255,F027-25,2026-09-15,2026-10-15,21901.64,
438868427,F028-01,2024-09-25,2024-10-25,23473.36,2024-10-29
438868427,F028-02,2024-10-25,2024-11-24,29731.09,2024-11-26
438868427,F028-03,2024-11-24,2024-12-24,27203.51,2024-12-27
438868427,F028-04,2024-12-24,2025-01-23,21791.66,2025-01-27
438868427,F028-05,2025-01-23,2025-02-22,27335.97,2025-02-24
438868427,F028-06,2025-02-22,2025-03-24,21598.25,2025-03-28
438868427,F028-07,2025-03-24,2025-04-23,23500.33,2025-04-23
438868427,F028-08,2025-04-23,2025-05-23,24096.05,2025-05-29
438868427,F028-09,2025-05-23,2025-06-22,20302.26,2025-06-24
438868427,F028-10,2025-06-22,2025-07-22,27881.03,2025-07-22
438868427,F028-11,2025-07-22,2025-08-21,21500.81,2025-08-28
438868427,F028-12,2025-08-21,2025-09-20,18739.17,2025-09-20
438868427,F028-13,2025-09-20,2025-10-20,32426.47,2025-10-24
438868427,F028-14,2025-10-20,2025-11-19,20206.85,2025-11-22
438868427,F028-15,2025-11-19,2025-12-19,22418.8,2025-12-23
438868427,F028-16,2025-12-19,2026-01-18,21934.6,2026-01-18
438868427,F028-17,2026-01-18,2026-02-17,19999.67,2026-02-22
438868427,F028-18,2026-02-17,2026-03-19,24158.63,2026-03-19
438868427,F028-19,2026-03-19,2026-04-18,31174.11,2026-04-23
438868427,F028-20,2026-04-18,2026-05-18,26722.77,2026-05-18
438868427,F028-21,2026-05-18,2026-06-17,29372.17,2026-06-22
438868427,F028-22,2026-06-17,2026-07-17,18360.37,2026-07-19
438868427,F028-23,2026-07-17,2026-08-16,25196.29,2026-08-16
438868427,F028-24,2026-08-16,2026-09-15,28748.47,2026-09-18
438868427,F028-25,2026-09-15,2026-10-15,30230.04,
938927341,F029-01,2024-09-25,2024-10-25,31029.52,2024-10-28
938927341,F029-02,2024-10-25,2024-11-24,36691.61,2024-12-01
938927341,F029-03,2024-11-24,2024-12-24,50787.21,2024-12-29
938927341,F029-04,2024-12-24,2025-01-23,38798.14,2025-01-26
938927341,F029-05,2025-01-23,2025-02-22,36903.15,2025-02-24
938927341,F029-06,2025-02-22,2025-03-24,31304.68,2025-03-27
938927341,F029-07,2025-03-24,2025-04-23,36806.8,2025-04-25
938927341,F029-08,2025-04-23,2025-05-23,51052.48,2025-05-28
938927341,F029-09,2025-05-23,2025-06-22,28621.92,2025-06-26
938927341,F029-10,2025-06-22,2025-07-22,49925.02,2025-07-28
938927341,F029-11,2025-07-22,2025-08-21,30826.26,2025-08-25
938927341,F029-12,2025-08-21,2025-09-20,33149.69,2025-09-20
938927341,F029-13,2025-09-20,2025-10-20,42685.05,2025-10-20
938927341,F029-14,2025-10-20,2025-11-19,32804.28,2025-11-19
938927341,F029-15,2025-11-19,2025-12-19,31257.48,2025-12-24
938927341,F029-16,2025-12-19,2026-01-18,45120.88,2026-01-22
938927341,F029-17,2026-01-18,2026-02-17,51934.3,2026-02-23
938927341,F029-18,2026-02-17,2026-03-19,51677.79,2026-03-19
938927341,F029-19,2026-03-19,2026-04-18,44028.15,2026-04-20
938927341,F029-20,2026-04-18,2026-05-18,34968.69,2026-05-18
938927341,F029-21,2026-05-18,2026-06-17,35198.96,2026-06-23
938927341,F029-22,2026-06-17,2026-07-17,44805.26,2026-07-24
938927341,F029-23,2026-07-17,2026-08-16,32178.18,2026-08-18
938927341,F029-24,2026-08-16,2026-09-15,51643.18,2026-09-20
938927341,F029-25,2026-09-15,2026-10-15,47009.58,
694875990,F030-01,2024-09-25,2024-10-25,29554.93,2024-11-03
694875990,F030-02,2024-10-25,2024-11-24,25774.7,2024-11-27
694875990,F030-03,2024-11-24,2024-12-24,22139.36,2024-12-27
694875990,F030-04,2024-12-24,2025-01-23,32493.93,2025-01-26
694875990,F030-05,2025-01-23,2025-02-22,29037.47,2025-02-22
694875990,F030-06,2025-02-22,2025-03-24,29850.09,2025-04-07
694875990,F030-07,2025-03-24,2025-04-23,27135.08,2025-05-02
694875990,F030-08,2025-04-23,2025-05-23,24249.62,2025-05-25
694875990,F030-09,2025-05-23,2025-06-22,30669.4,2025-06-23
694875990,F030-10,2025-06-22,2025-07-22,29203.94,2025-07-24
694875990,F030-11,2025-07-22,2025-08-21,31993.97,2025-08-23
694875990,F030-12,2025-08-21,2025-09-20,23989.27,2025-09-25
694875990,F030-13,2025-09-20,2025-10-20,19362.42,2025-10-23
694875990,F030-14,2025-10-20,2025-11-19,19795.23,2025-11-25
694875990,F030-15,2025-11-19,2025-12-19,28139.98,2025-12-26
694875990,F030-16,2025-12-19,2026-01-18,22690.35,2026-01-30
694875990,F030-17,2026-01-18,2026-02-17,30189.01,2026-02-18
694875990,F030-18,2026-02-17,2026-03-19,21259.08,2026-03-20
694875990,F030-19,2026-03-19,2026-04-18,19377.55,2026-04-26
694875990,F030-20,2026-04-18,2026-05-18,22042.37,2026-06-02
694875990,F030-21,2026-05-18,2026-06-17,20029.54,2026-07-14
694875990,F030-22,2026-06-17,2026-07-17,31624.1,2026-08-25
694875990,F030-23,2026-07-17,2026-08-16,28309.49,
694875990,F030-24,2026-08-16,2026-09-15,26577.08,
694875990,F030-25,2026-09-15,2026-10-15,29878.54,
187212377,F031-01,2024-09-25,2024-10-25,9300.91,2024-10-29
187212377,F031-02,2024-10-25,2024-11-24,8346.26,2024-12-01
187212377,F031-03,2024-11-24,2024-12-24,8566.92,2025-01-05
187212377,F031-04,2024-12-24,2025-01-23,8218.77,2025-01-29
187212377,F031-05,2025-01-23,2025-02-22,8681.15,2025-02-25
187212377,F031-06,2025-02-22,2025-03-24,9475.28,2025-03-31
187212377,F031-07,2025-03-24,2025-04-23,7549.24,2025-04-23
187212377,F031-08,2025-04-23,2025-05-23,6358.79,2025-05-29
187212377,F031-09,2025-05-23,2025-06-22,7594.98,2025-06-22
187212377,F031-10,2025-06-22,2025-07-22,6289.61,2025-07-27
187212377,F031-11,2025-07-22,2025-08-21,9735.13,2025-08-21
187212377,F031-12,2025-08-21,2025-09-20,7257.78,2025-10-05
187212377,F031-13,2025-09-20,2025-10-20,7513.84,2025-10-24
187212377,F031-14,2025-10-20,2025-11-19,6109.68,2025-11-19
187212377,F031-15,2025-11-19,2025-12-19,6760.34,2025-12-26
187212377,F031-16,2025-12-19,2026-01-18,6276.21,2026-01-25
187212377,F031-17,2026-01-18,2026-02-17,5842.91,2026-03-01
187212377,F031-18,2026-02-17,2026-03-19,7607.05,2026-03-20
187212377,F031-19,2026-03-19,2026-04-18,10220.89,2026-05-06
187212377,F031-20,2026-04-18,2026-05-18,10082.01,2026-06-03
187212377,F031-21,2026-05-18,2026-06-17,9061.42,2026-07-16
187212377,F031-22,2026-06-17,2026-07-17,10380.65,2026-08-24
187212377,F031-23,2026-07-17,2026-08-16,7840.71,
187212377,F031-24,2026-08-16,2026-09-15,6032.24,
187212377,F031-25,2026-09-15,2026-10-15,7487.56,
478918222,F032-01,2024-09-25,2024-10-25,6950.51,2024-11-08
478918222,F032-02,2024-10-25,2024-11-24,8468.09,2024-12-13
478918222,F032-03,2024-11-24,2024-12-24,6971.59,2024-12-25
478918222,F032-04,2024-12-24,2025-01-23,5639.25,2025-02-08
478918222,F032-05,2025-01-23,2025-02-22,6869.47,2025-03-09
478918222,F032-06,2025-02-22,2025-03-24,7355.73,2025-04-03
478918222,F032-07,2025-03-24,2025-04-23,5845.56,2025-05-07
478918222,F032-08,2025-04-23,2025-05-23,8296.72,2025-05-30
478918222,F032-09,2025-05-23,2025-06-22,7454.47,2025-07-10
478918222,F032-10,2025-06-22,2025-07-22,7761.7,2025-07-22
478918222,F032-11,2025-07-22,2025-08-21,8591.56,2025-08-28
478918222,F032-12,2025-08-21,2025-09-20,8533.01,2025-10-05
478918222,F032-13,2025-09-20,2025-10-20,7391.35,2025-11-04
478918222,F032-14,2025-10-20,2025-11-19,10336.58,2025-11-23
478918222,F032-15,2025-11-19,2025-12-19,6292.48,2025-12-28
478918222,F032-16,2025-12-19,2026-01-18,8491.82,2026-01-28
478918222,F032-17,2026-01-18,2026-02-17,5786.79,2026-03-02
478918222,F032-18,2026-02-17,2026-03-19,9025.24,2026-04-04
478918222,F032-19,2026-03-19,2026-04-18,6314.92,2026-04-20
478918222,F032-20,2026-04-18,2026-05-18,9887.03,2026-06-12
478918222,F032-21,2026-05-18,2026-06-17,7128.94,2026-07-15
478918222,F032-22,2026-06-17,2026-07-17,7486.18,2026-07-17
478918222,F032-23,2026-07-17,2026-08-16,8449.88,2026-08-16
478918222,F032-24,2026-08-16,2026-09-15,8035.11,2026-09-17
478918222,F032-25,2026-09-15,2026-10-15,8302.04,
975903641,F033-01,2024-09-25,2024-10-25,7189.95,2024-10-30
975903641,F033-02,2024-10-25,2024-11-24,7076.85,2024-11-29
975903641,F033-03,2024-11-24,2024-12-24,9914.08,2024-12-30
975903641,F033-04,2024-12-24,2025-01-23,8465.17,2025-01-23
975903641,F033-05,2025-01-23,2025-02-22,6874.55,2025-02-22
975903641,F033-06,2025-02-22,2025-03-24,8376.68,2025-03-24
975903641,F033-07,2025-03-24,2025-04-23,6692.21,2025-04-29
975903641,F033-08,2025-04-23,2025-05-23,8116.32,2025-05-27
975903641,F033-09,2025-05-23,2025-06-22,9061.68,2025-06-25
975903641,F033-10,2025-06-22,2025-07-22,9543.97,2025-07-22
975903641,F033-11,2025-07-22,2025-08-21,6762.54,2025-08-21
975903641,F033-12,2025-08-21,2025-09-20,6515.76,2025-09-21
975903641,F033-13,2025-09-20,2025-10-20,7716.99,2025-10-20
975903641,F033-14,2025-10-20,2025-11-19,6578.68,2025-11-24
975903641,F033-15,2025-11-19,2025-12-19,8008.73,2025-12-19
975903641,F033-16,2025-12-19,2026-01-18,9672.21,2026-01-19
975903641,F033-17,2026-01-18,2026-02-17,9091.53,2026-02-19
975903641,F033-18,2026-02-17,2026-03-19,8292.26,2026-03-19
975903641,F033-19,2026-03-19,2026-04-18,10390.99,2026-04-18
975903641,F033-20,2026-04-18,2026-05-18,10192.09,2026-05-21
975903641,F033-21,2026-05-18,2026-06-17,7806.38,2026-06-17
975903641,F033-22,2026-06-17,2026-07-17,8844.17,2026-07-19
975903641,F033-23,2026-07-17,2026-08-16,9764.74,2026-08-17
975903641,F033-24,2026-08-16,2026-09-15,6868.94,2026-09-15
975903641,F033-25,2026-09-15,2026-10-15,7924.06,
341449138,F034-01,2024-09-25,2024-10-25,28073.51,2024-10-28
341449138,F034-02,2024-10-25,2024-11-24,27853.6,2024-11-24
341449138,F034-03,2024-11-24,2024-12-24,25907.31,2024-12-28
341449138,F034-04,2024-12-24,2025-01-23,31517.28,2025-01-26
341449138,F034-05,2025-01-23,2025-02-22,26102.15,2025-02-23
341449138,F034-06,2025-02-22,2025-03-24,25647.86,2025-03-31
341449138,F034-07,2025-03-24,2025-04-23,22677.02,2025-04-25
341449138,F034-08,2025-04-23,2025-05-23,29095.96,2025-05-28
341449138,F034-09,2025-05-23,2025-06-22,31829.71,2025-06-27
341449138,F034-10,2025-06-22,2025-07-22,18685.44,2025-07-31
341449138,F034-11,2025-07-22,2025-08-21,28710.08,2025-08-22
341449138,F034-12,2025-08-21,2025-09-20,20709.8,2025-09-25
341449138,F034-13,2025-09-20,2025-10-20,25930.27,2025-10-21
341449138,F034-14,2025-10-20,2025-11-19,21574.32,2025-11-28
341449138,F034-15,2025-11-19,2025-12-19,21089.23,2025-12-27
341449138,F034-16,2025-12-19,2026-01-18,18261.48,2026-01-24
341449138,F034-17,2026-01-18,2026-02-17,20992.55,2026-02-19
341449138,F034-18,2026-02-17,2026-03-19,19002.97,2026-03-21
341449138,F034-19,2026-03-19,2026-04-18,27717.88,2026-05-04
341449138,F034-20,2026-04-18,2026-05-18,19562.01,2026-06-18
341449138,F034-21,2026-05-18,2026-06-17,19869.12,2026-07-13
341449138,F034-22,2026-06-17,2026-07-17,27293.39,2026-08-25
341449138,F034-23,2026-07-17,2026-08-16,27258.08,2026-09-26
341449138,F034-24,2026-08-16,2026-09-15,28838.67,
341449138,F034-25,2026-09-15,2026-10-15,18387.44,
800400428,F035-01,2024-09-25,2024-10-25,17148.18,2024-10-28
800400428,F035-02,2024-10-25,2024-11-24,18793.24,2024-11-26
800400428,F035-03,2024-11-24,2024-12-24,14260.96,2024-12-31
800400428,F035-04,2024-12-24,2025-01-23,10827.06,2025-01-23
800400428,F035-05,2025-01-23,2025-02-22,18025.83,2025-02-25
800400428,F035-06,2025-02-22,2025-03-24,17241.03,2025-03-25
800400428,F035-07,2025-03-24,2025-04-23,18350.62,2025-04-26
800400428,F035-08,2025-04-23,2025-05-23,13185.53,2025-05-27
800400428,F035-09,2025-05-23,2025-06-22,15925.05,2025-06-27
800400428,F035-10,2025-06-22,2025-07-22,14589.14,2025-07-24
800400428,F035-11,2025-07-22,2025-08-21,16271.81,2025-08-21
800400428,F035-12,2025-08-21,2025-09-20,11707.8,2025-09-22
800400428,F035-13,2025-09-20,2025-10-20,15037.91,2025-10-22
800400428,F035-14,2025-10-20,2025-11-19,13476.16,2025-11-27
800400428,F035-15,2025-11-19,2025-12-19,17080.07,2025-12-19
800400428,F035-16,2025-12-19,2026-01-18,10626.76,2026-01-18
800400428,F035-17,2026-01-18,2026-02-17,13534.01,2026-02-19
800400428,F035-18,2026-02-17,2026-03-19,12238.45,2026-03-26
800400428,F035-19,2026-03-19,2026-04-18,15998.59,2026-04-19
800400428,F035-20,2026-04-18,2026-05-18,14349.33,2026-05-19
800400428,F035-21,2026-05-18,2026-06-17,13451.34,2026-06-19
800400428,F035-22,2026-06-17,2026-07-17,19335.17,2026-07-21
800400428,F035-23,2026-07-17,2026-08-16,14797.09,2026-08-19
800400428,F035-24,2026-08-16,2026-09-15,13952.17,2026-09-18
800400428,F035-25,2026-09-15,2026-10-15,14520.62,
876189202,F036-01,2024-09-25,2024-10-25,8737.68,2024-11-03
876189202,F036-02,2024-10-25,2024-11-24,8925.29,2024-12-01
876189202,F036-03,2024-11-24,2024-12-24,7072.67,2024-12-30
876189202,F036-04,2024-12-24,2025-01-23,7546.0,2025-01-23
876189202,F036-05,2025-01-23,2025-02-22,8977.07,2025-02-27
876189202,F036-06,2025-02-22,2025-03-24,7092.69,2025-04-05
876189202,F036-07,2025-03-24,2025-04-23,7016.18,2025-05-04
876189202,F036-08,2025-04-23,2025-05-23,8550.2,2025-05-28
876189202,F036-09,2025-05-23,2025-06-22,6335.29,2025-06-29
876189202,F036-10,2025-06-22,2025-07-22,9189.13,2025-07-24
876189202,F036-11,2025-07-22,2025-08-21,8236.33,2025-08-23
876189202,F036-12,2025-08-21,2025-09-20,7859.97,2025-09-20
876189202,F036-13,2025-09-20,2025-10-20,6648.38,2025-10-24
876189202,F036-14,2025-10-20,2025-11-19,6787.83,2025-11-24
876189202,F036-15,2025-11-19,2025-12-19,5992.98,2025-12-19
876189202,F036-16,2025-12-19,2026-01-18,7744.39,2026-01-23
876189202,F036-17,2026-01-18,2026-02-17,8308.01,2026-02-26
876189202,F036-18,2026-02-17,2026-03-19,5896.44,2026-03-31
876189202,F036-19,2026-03-19,2026-04-18,8348.97,2026-05-10
876189202,F036-20,2026-04-18,2026-05-18,6319.29,2026-06-14
876189202,F036-21,2026-05-18,2026-06-17,6157.95,2026-07-26
876189202,F036-22,2026-06-17,2026-07-17,6585.93,
876189202,F036-23,2026-07-17,2026-08-16,8399.11,
876189202,F036-24,2026-08-16,2026-09-15,6036.52,
876189202,F036-25,2026-09-15,2026-10-15,8049.8,
586869229,F037-01,2024-09-25,2024-10-25,14238.82,2024-10-25
586869229,F037-02,2024-10-25,2024-11-24,16554.91,2024-11-27
586869229,F037-03,2024-11-24,2024-12-24,13273.53,2025-01-01
586869229,F037-04,2024-12-24,2025-01-23,10527.14,2025-01-28
586869229,F037-05,2025-01-23,2025-02-22,12461.11,2025-03-03
586869229,F037-06,2025-02-22,2025-03-24,16803.46,2025-03-31
586869229,F037-07,2025-03-24,2025-04-23,15370.47,2025-05-06
586869229,F037-08,2025-04-23,2025-05-23,19375.24,2025-05-31
586869229,F037-09,2025-05-23,2025-06-22,14748.64,2025-06-26
586869229,F037-10,2025-06-22,2025-07-22,11718.86,2025-07-29
586869229,F037-11,2025-07-22,2025-08-21,16273.73,2025-08-25
586869229,F037-12,2025-08-21,2025-09-20,13870.15,2025-09-20
586869229,F037-13,2025-09-20,2025-10-20,18522.0,2025-10-20
586869229,F037-14,2025-10-20,2025-11-19,13897.47,2025-11-27
586869229,F037-15,2025-11-19,2025-12-19,11222.25,2026-01-01
586869229,F037-16,2025-12-19,2026-01-18,11696.91,2026-01-21
586869229,F037-17,2026-01-18,2026-02-17,18242.58,2026-03-09
586869229,F037-18,2026-02-17,2026-03-19,14037.53,2026-04-14
586869229,F037-19,2026-03-19,2026-04-18,11646.12,2026-05-19
586869229,F037-20,2026-04-18,2026-05-18,17305.61,2026-06-15
586869229,F037-21,2026-05-18,2026-06-17,19306.42,2026-07-16
586869229,F037-22,2026-06-17,2026-07-17,14317.15,
586869229,F037-23,2026-07-17,2026-08-16,13913.49,
586869229,F037-24,2026-08-16,2026-09-15,12566.98,
586869229,F037-25,2026-09-15,2026-10-15,14645.63,
395976645,F038-01,2024-09-25,2024-10-25,17389.41,2024-10-29
395976645,F038-02,2024-10-25,2024-11-24,10789.96,2024-11-25
395976645,F038-03,2024-11-24,2024-12-24,18926.14,2024-12-24
395976645,F038-04,2024-12-24,2025-01-23,18501.37,2025-01-26
395976645,F038-05,2025-01-23,2025-02-22,15845.5,2025-02-26
395976645,F038-06,2025-02-22,2025-03-24,14517.97,2025-03-24
395976645,F038-07,2025-03-24,2025-04-23,12702.61,2025-04-23
395976645,F038-08,2025-04-23,2025-05-23,10898.13,2025-05-23
395976645,F038-09,2025-05-23,2025-06-22,17289.47,2025-06-26
395976645,F038-10,2025-06-22,2025-07-22,17484.57,2025-07-31
395976645,F038-11,2025-07-22,2025-08-21,12607.45,2025-08-31
395976645,F038-12,2025-08-21,2025-09-20,18747.57,2025-09-20
395976645,F038-13,2025-09-20,2025-10-20,17452.84,2025-10-21
395976645,F038-14,2025-10-20,2025-11-19,17865.44,2025-11-23
395976645,F038-15,2025-11-19,2025-12-19,19371.26,2025-12-28
395976645,F038-16,2025-12-19,2026-01-18,15191.26,2026-01-19
395976645,F038-17,2026-01-18,2026-02-17,15510.46,2026-02-21
395976645,F038-18,2026-02-17,2026-03-19,15825.0,2026-03-22
395976645,F038-19,2026-03-19,2026-04-18,16608.75,2026-04-19
395976645,F038-20,2026-04-18,2026-05-18,15502.66,2026-05-24
395976645,F038-21,2026-05-18,2026-06-17,16289.84,2026-06-21
395976645,F038-22,2026-06-17,2026-07-17,13930.39,2026-07-17
395976645,F038-23,2026-07-17,2026-08-16,14174.33,2026-08-18
395976645,F038-24,2026-08-16,2026-09-15,13199.0,2026-09-20
395976645,F038-25,2026-09-15,2026-10-15,12668.71,
422913264,F039-01,2024-09-25,2024-10-25,18732.67,2024-10-25
422913264,F039-02,2024-10-25,2024-11-24,15515.58,2024-11-24
422913264,F039-03,2024-11-24,2024-12-24,11706.83,2024-12-27
422913264,F039-04,2024-12-24,2025-01-23,16320.35,2025-01-28
422913264,F039-05,2025-01-23,2025-02-22,18800.03,2025-02-26
422913264,F039-06,2025-02-22,2025-03-24,17021.26,2025-03-26
422913264,F039-07,2025-03-24,2025-04-23,12214.33,2025-04-25
422913264,F039-08,2025-04-23,2025-05-23,15926.3,2025-05-30
422913264,F039-09,2025-05-23,2025-06-22,18362.58,2025-06-27
422913264,F039-10,2025-06-22,2025-07-22,17018.75,2025-07-30
422913264,F039-11,2025-07-22,2025-08-21,15529.65,2025-08-21
422913264,F039-12,2025-08-21,2025-09-20,13496.68,2025-09-24
422913264,F039-13,2025-09-20,2025-10-20,19113.18,2025-10-30
422913264,F039-14,2025-10-20,2025-11-19,19158.7,2025-11-23
422913264,F039-15,2025-11-19,2025-12-19,11555.85,2025-12-25
422913264,F039-16,2025-12-19,2026-01-18,12683.34,2026-01-21
422913264,F039-17,2026-01-18,2026-02-17,15939.61,2026-02-22
422913264,F039-18,2026-02-17,2026-03-19,15468.71,2026-03-28
422913264,F039-19,2026-03-19,2026-04-18,17479.62,2026-04-18
422913264,F039-20,2026-04-18,2026-05-18,13733.34,2026-05-24
422913264,F039-21,2026-05-18,2026-06-17,12854.05,2026-06-17
422913264,F039-22,2026-06-17,2026-07-17,11387.47,2026-07-20
422913264,F039-23,2026-07-17,2026-08-16,19331.87,2026-08-16
422913264,F039-24,2026-08-16,2026-09-15,18728.97,2026-09-19
422913264,F039-25,2026-09-15,2026-10-15,13836.34,
895913682,F040-01,2024-09-25,2024-10-25,12846.97,2024-11-12
895913682,F040-02,2024-10-25,2024-11-24,18912.82,2024-11-28
895913682,F040-03,2024-11-24,2024-12-24,11871.7,2025-01-01
895913682,F040-04,2024-12-24,2025-01-23,13468.79,2025-01-23
895913682,F040-05,2025-01-23,2025-02-22,14993.71,2025-03-18
895913682,F040-06,2025-02-22,2025-03-24,16391.47,2025-04-02
895913682,F040-07,2025-03-24,2025-04-23,17894.33,2025-04-29
895913682,F040-08,2025-04-23,2025-05-23,19198.57,2025-05-28
895913682,F040-09,2025-05-23,2025-06-22,12014.1,2025-06-26
895913682,F040-10,2025-06-22,2025-07-22,17654.78,2025-08-10
895913682,F040-11,2025-07-22,2025-08-21,14894.85,2025-09-15
895913682,F040-12,2025-08-21,2025-09-20,18752.09,2025-09-20
895913682,F040-13,2025-09-20,2025-10-20,11028.59,2025-10-29
895913682,F040-14,2025-10-20,2025-11-19,10804.41,2025-12-13
895913682,F040-15,2025-11-19,2025-12-19,16513.94,2025-12-19
895913682,F040-16,2025-12-19,2026-01-18,17379.05,2026-01-18
895913682,F040-17,2026-01-18,2026-02-17,12582.9,2026-03-10
895913682,F040-18,2026-02-17,2026-03-19,16864.53,2026-04-11
895913682,F040-19,2026-03-19,2026-04-18,13858.81,2026-05-01
895913682,F040-20,2026-04-18,2026-05-18,16060.52,2026-05-24
895913682,F040-21,2026-05-18,2026-06-17,14848.84,2026-06-18
895913682,F040-22,2026-06-17,2026-07-17,14890.69,2026-08-09
895913682,F040-23,2026-07-17,2026-08-16,10606.66,2026-08-28
895913682,F040-24,2026-08-16,2026-09-15,15264.76,2026-09-23
895913682,F040-25,2026-09-15,2026-10-15,10654.28,
823737375,F041-01,2024-09-25,2024-10-25,30568.39,2024-10-29
823737375,F041-02,2024-10-25,2024-11-24,32606.37,2024-11-28
823737375,F041-03,2024-11-24,2024-12-24,40634.94,2024-12-28
823737375,F041-04,2024-12-24,2025-01-23,37525.51,2025-01-24
823737375,F041-05,2025-01-23,2025-02-22,36953.24,2025-02-22
823737375,F041-06,2025-02-22,2025-03-24,51765.59,2025-03-29
823737375,F041-07,2025-03-24,2025-04-23,33420.57,2025-04-24
823737375,F041-08,2025-04-23,2025-05-23,43689.66,2025-05-23
823737375,F041-09,2025-05-23,2025-06-22,48597.26,2025-06-25
823737375,F041-10,2025-06-22,2025-07-22,37102.34,2025-07-24
823737375,F041-11,2025-07-22,2025-08-21,41264.83,2025-08-24
823737375,F041-12,2025-08-21,2025-09-20,32113.21,2025-09-23
823737375,F041-13,2025-09-20,2025-10-20,39996.6,2025-10-20
823737375,F041-14,2025-10-20,2025-11-19,41580.56,2025-11-24
823737375,F041-15,2025-11-19,2025-12-19,48591.05,2025-12-25
823737375,F041-16,2025-12-19,2026-01-18,29021.24,2026-01-23
823737375,F041-17,2026-01-18,2026-02-17,33074.01,2026-02-24
823737375,F041-18,2026-02-17,2026-03-19,39412.01,2026-03-19
823737375,F041-19,2026-03-19,2026-04-18,29117.49,2026-04-27
823737375,F041-20,2026-04-18,2026-05-18,49583.48,2026-05-24
823737375,F041-21,2026-05-18,2026-06-17,41524.24,2026-06-27
823737375,F041-22,2026-06-17,2026-07-17,35547.63,2026-07-21
823737375,F041-23,2026-07-17,2026-08-16,51075.26,2026-08-16
823737375,F041-24,2026-08-16,2026-09-15,45105.07,2026-09-15
823737375,F041-25,2026-09-15,2026-10-15,37559.1,
708485104,F042-01,2024-09-25,2024-10-25,49516.62,2024-10-29
708485104,F042-02,2024-10-25,2024-11-24,35961.52,2024-11-27
708485104,F042-03,2024-11-24,2024-12-24,51723.47,2024-12-25
708485104,F042-04,2024-12-24,2025-01-23,45379.93,2025-01-23
708485104,F042-05,2025-01-23,2025-02-22,29288.71,2025-02-25
708485104,F042-06,2025-02-22,2025-03-24,38490.12,2025-03-28
708485104,F042-07,2025-03-24,2025-04-23,46456.14,2025-04-24
708485104,F042-08,2025-04-23,2025-05-23,50916.6,2025-05-23
708485104,F042-09,2025-05-23,2025-06-22,28711.02,2025-06-28
708485104,F042-10,2025-06-22,2025-07-22,34559.85,2025-07-28
708485104,F042-11,2025-07-22,2025-08-21,36539.47,2025-08-24
708485104,F042-12,2025-08-21,2025-09-20,50587.43,2025-09-20
708485104,F042-13,2025-09-20,2025-10-20,43856.13,2025-10-25
708485104,F042-14,2025-10-20,2025-11-19,30056.66,2025-11-19
708485104,F042-15,2025-11-19,2025-12-19,45114.6,2025-12-19
708485104,F042-16,2025-12-19,2026-01-18,29968.91,2026-01-24
708485104,F042-17,2026-01-18,2026-02-17,43213.62,2026-02-24
708485104,F042-18,2026-02-17,2026-03-19,45751.73,2026-03-21
708485104,F042-19,2026-03-19,2026-04-18,28124.69,2026-04-22
708485104,F042-20,2026-04-18,2026-05-18,35398.42,2026-05-19
708485104,F042-21,2026-05-18,2026-06-17,31180.17,2026-06-22
708485104,F042-22,2026-06-17,2026-07-17,32497.4,2026-07-17
708485104,F042-23,2026-07-17,2026-08-16,37793.06,2026-08-20
708485104,F042-24,2026-08-16,2026-09-15,28630.29,2026-09-17
708485104,F042-25,2026-09-15,2026-10-15,42353.05,
513646070,F043-01,2024-09-25,2024-10-25,7586.29,2024-10-29
513646070,F043-02,2024-10-25,2024-11-24,8285.78,2024-11-24
513646070,F043-03,2024-11-24,2024-12-24,10365.1,2024-12-27
513646070,F043-04,2024-12-24,2025-01-23,8889.52,2025-01-30
513646070,F043-05,2025-01-23,2025-02-22,6413.61,2025-02-25
513646070,F043-06,2025-02-22,2025-03-24,6300.49,2025-03-29
513646070,F043-07,2025-03-24,2025-04-23,6402.6,2025-04-26
513646070,F043-08,2025-04-23,2025-05-23,9356.8,2025-05-28
513646070,F043-09,2025-05-23,2025-06-22,7333.4,2025-06-30
513646070,F043-10,2025-06-22,2025-07-22,7979.85,2025-07-23
513646070,F043-11,2025-07-22,2025-08-21,8560.01,2025-08-22
513646070,F043-12,2025-08-21,2025-09-20,5632.48,2025-09-23
513646070,F043-13,2025-09-20,2025-10-20,7499.32,2025-10-25
513646070,F043-14,2025-10-20,2025-11-19,9738.55,2025-11-20
513646070,F043-15,2025-11-19,2025-12-19,7713.07,2025-12-19
513646070,F043-16,2025-12-19,2026-01-18,8724.98,2026-01-23
513646070,F043-17,2026-01-18,2026-02-17,8453.09,2026-02-19
513646070,F043-18,2026-02-17,2026-03-19,8937.4,2026-03-26
513646070,F043-19,2026-03-19,2026-04-18,7899.25,2026-04-22
513646070,F043-20,2026-04-18,2026-05-18,7131.86,2026-05-24
513646070,F043-21,2026-05-18,2026-06-17,9127.4,2026-06-17
513646070,F043-22,2026-06-17,2026-07-17,9353.48,2026-07-17
513646070,F043-23,2026-07-17,2026-08-16,7164.25,2026-08-18
513646070,F043-24,2026-08-16,2026-09-15,7352.07,2026-09-23
513646070,F043-25,2026-09-15,2026-10-15,10073.92,
831983367,F044-01,2024-09-25,2024-10-25,7815.79,2024-11-07
831983367,F044-02,2024-10-25,2024-11-24,9000.16,2024-11-25
831983367,F044-03,2024-11-24,2024-12-24,8925.61,2024-12-28
831983367,F044-04,2024-12-24,2025-01-23,9531.03,2025-01-27
831983367,F044-05,2025-01-23,2025-02-22,7996.66,2025-02-22
831983367,F044-06,2025-02-22,2025-03-24,8640.01,2025-03-27
831983367,F044-07,2025-03-24,2025-04-23,9033.13,2025-04-30
831983367,F044-08,2025-04-23,2025-05-23,9387.57,2025-06-03
831983367,F044-09,2025-05-23,2025-06-22,7900.33,2025-06-29
831983367,F044-10,2025-06-22,2025-07-22,7523.86,2025-07-22
831983367,F044-11,2025-07-22,2025-08-21,8920.2,2025-08-24
831983367,F044-12,2025-08-21,2025-09-20,8209.5,2025-09-24
831983367,F044-13,2025-09-20,2025-10-20,9898.41,2025-10-20
831983367,F044-14,2025-10-20,2025-11-19,8177.15,2025-11-21
831983367,F044-15,2025-11-19,2025-12-19,9290.98,2025-12-21
831983367,F044-16,2025-12-19,2026-01-18,8756.49,2026-01-18
831983367,F044-17,2026-01-18,2026-02-17,5812.62,2026-02-23
831983367,F044-18,2026-02-17,2026-03-19,10321.32,2026-03-21
831983367,F044-19,2026-03-19,2026-04-18,9212.88,2026-04-18
831983367,F044-20,2026-04-18,2026-05-18,10235.44,2026-05-21
831983367,F044-21,2026-05-18,2026-06-17,6841.94,2026-06-20
831983367,F044-22,2026-06-17,2026-07-17,8051.25,2026-07-17
831983367,F044-23,2026-07-17,2026-08-16,8361.13,2026-08-19
831983367,F044-24,2026-08-16,2026-09-15,7739.74,2026-09-15
831983367,F044-25,2026-09-15,2026-10-15,8425.23,
261861139,F045-01,2024-09-25,2024-10-25,24741.57,2024-10-26
261861139,F045-02,2024-10-25,2024-11-24,18787.82,2024-12-03
261861139,F045-03,2024-11-24,2024-12-24,29969.77,2024-12-27
261861139,F045-04,2024-12-24,2025-01-23,22646.0,2025-01-23
261861139,F045-05,2025-01-23,2025-02-22,29264.05,2025-02-22
261861139,F045-06,2025-02-22,2025-03-24,18964.35,2025-03-27
261861139,F045-07,2025-03-24,2025-04-23,28329.91,2025-04-25
261861139,F045-08,2025-04-23,2025-05-23,18170.25,2025-05-26
261861139,F045-09,2025-05-23,2025-06-22,28161.68,2025-06-28
261861139,F045-10,2025-06-22,2025-07-22,19140.44,2025-07-25
261861139,F045-11,2025-07-22,2025-08-21,29500.75,2025-08-28
261861139,F045-12,2025-08-21,2025-09-20,25239.91,2025-09-21
261861139,F045-13,2025-09-20,2025-10-20,25778.65,2025-10-21
261861139,F045-14,2025-10-20,2025-11-19,24430.81,2025-11-25
261861139,F045-15,2025-11-19,2025-12-19,29466.34,2025-12-21
261861139,F045-16,2025-12-19,2026-01-18,27359.62,2026-01-20
261861139,F045-17,2026-01-18,2026-02-17,23433.74,2026-02-20
261861139,F045-18,2026-02-17,2026-03-19,24243.63,2026-03-19
261861139,F045-19,2026-03-19,2026-04-18,23943.29,2026-04-23
261861139,F045-20,2026-04-18,2026-05-18,21675.17,2026-05-21
261861139,F045-21,2026-05-18,2026-06-17,28056.4,2026-06-21
261861139,F045-22,2026-06-17,2026-07-17,29492.54,2026-07-17
261861139,F045-23,2026-07-17,2026-08-16,25553.34,2026-08-18
261861139,F045-24,2026-08-16,2026-09-15,19209.32,2026-09-19
261861139,F045-25,2026-09-15,2026-10-15,27560.52,
740992546,F046-01,2024-09-25,2024-10-25,37421.06,2024-10-29
740992546,F046-02,2024-10-25,2024-11-24,30741.57,2024-11-25
740992546,F046-03,2024-11-24,2024-12-24,32140.66,2024-12-30
740992546,F046-04,2024-12-24,2025-01-23,44166.13,2025-01-28
740992546,F046-05,2025-01-23,2025-02-22,42164.04,2025-02-22
740992546,F046-06,2025-02-22,2025-03-24,44130.64,2025-03-26
740992546,F046-07,2025-03-24,2025-04-23,30806.77,2025-04-28
740992546,F046-08,2025-04-23,2025-05-23,36959.35,2025-05-28
740992546,F046-09,2025-05-23,2025-06-22,42314.22,2025-06-27
740992546,F046-10,2025-06-22,2025-07-22,41795.35,2025-07-22
740992546,F046-11,2025-07-22,2025-08-21,40897.1,2025-08-26
740992546,F046-12,2025-08-21,2025-09-20,50059.86,2025-09-25
740992546,F046-13,2025-09-20,2025-10-20,32004.77,2025-10-22
740992546,F046-14,2025-10-20,2025-11-19,34932.03,2025-11-24
740992546,F046-15,2025-11-19,2025-12-19,42865.84,2025-12-27
740992546,F046-16,2025-12-19,2026-01-18,48772.53,2026-01-24
740992546,F046-17,2026-01-18,2026-02-17,32683.08,2026-02-19
740992546,F046-18,2026-02-17,2026-03-19,37214.66,2026-03-19
740992546,F046-19,2026-03-19,2026-04-18,37819.22,2026-04-19
740992546,F046-20,2026-04-18,2026-05-18,39801.42,2026-05-20
740992546,F046-21,2026-05-18,2026-06-17,32014.08,2026-06-17
740992546,F046-22,2026-06-17,2026-07-17,41569.55,2026-07-21
740992546,F046-23,2026-07-17,2026-08-16,28784.68,2026-08-17
740992546,F046-24,2026-08-16,2026-09-15,33396.24,2026-09-17
740992546,F046-25,2026-09-15,2026-10-15,41575.61,
690263993,F047-01,2024-09-25,2024-10-25,6148.19,2024-10-29
690263993,F047-02,2024-10-25,2024-11-24,7360.94,2024-11-24
690263993,F047-03,2024-11-24,2024-12-24,9548.53,2025-01-01
690263993,F047-04,2024-12-24,2025-01-23,8222.5,2025-01-27
690263993,F047-05,2025-01-23,2025-02-22,10350.92,2025-03-02
690263993,F047-06,2025-02-22,2025-03-24,9206.46,2025-03-30
690263993,F047-07,2025-03-24,2025-04-23,7029.0,2025-04-29
690263993,F047-08,2025-04-23,2025-05-23,7273.17,2025-05-26
690263993,F047-09,2025-05-23,2025-06-22,9520.3,2025-06-22
690263993,F047-10,2025-06-22,2025-07-22,9323.03,2025-07-29
690263993,F047-11,2025-07-22,2025-08-21,6737.34,2025-08-25
690263993,F047-12,2025-08-21,2025-09-20,7283.03,2025-09-20
690263993,F047-13,2025-09-20,2025-10-20,9011.62,2025-10-22
690263993,F047-14,2025-10-20,2025-11-19,6268.33,2025-11-21
690263993,F047-15,2025-11-19,2025-12-19,6591.77,2025-12-22
690263993,F047-16,2025-12-19,2026-01-18,7283.91,2026-01-22
690263993,F047-17,2026-01-18,2026-02-17,6949.21,2026-02-17
690263993,F047-18,2026-02-17,2026-03-19,8979.46,2026-03-21
690263993,F047-19,2026-03-19,2026-04-18,6988.8,2026-04-20
690263993,F047-20,2026-04-18,2026-05-18,10330.34,2026-05-27
690263993,F047-21,2026-05-18,2026-06-17,8860.64,2026-06-26
690263993,F047-22,2026-06-17,2026-07-17,9371.32,2026-07-24
690263993,F047-23,2026-07-17,2026-08-16,10010.09,2026-08-25
690263993,F047-24,2026-08-16,2026-09-15,6209.06,2026-09-18
690263993,F047-25,2026-09-15,2026-10-15,9757.18,
917626034,F048-01,2024-09-25,2024-10-25,31412.12,2024-11-02
917626034,F048-02,2024-10-25,2024-11-24,43177.65,2024-11-25
917626034,F048-03,2024-11-24,2024-12-24,29812.39,2024-12-25
917626034,F048-04,2024-12-24,2025-01-23,47070.37,2025-01-26
917626034,F048-05,2025-01-23,2025-02-22,45995.26,2025-02-22
917626034,F048-06,2025-02-22,2025-03-24,44672.89,2025-03-29
917626034,F048-07,2025-03-24,2025-04-23,39713.07,2025-04-24
917626034,F048-08,2025-04-23,2025-05-23,41966.93,2025-05-30
917626034,F048-09,2025-05-23,2025-06-22,30235.4,2025-06-22
917626034,F048-10,2025-06-22,2025-07-22,51331.61,2025-07-22
917626034,F048-11,2025-07-22,2025-08-21,48402.55,2025-08-21
917626034,F048-12,2025-08-21,2025-09-20,47096.27,2025-09-20
917626034,F048-13,2025-09-20,2025-10-20,47796.34,2025-10-28
917626034,F048-14,2025-10-20,2025-11-19,39873.16,2025-11-21
917626034,F048-15,2025-11-19,2025-12-19,41135.45,2025-12-24
917626034,F048-16,2025-12-19,2026-01-18,31134.26,2026-01-24
917626034,F048-17,2026-01-18,2026-02-17,49459.71,2026-02-17
917626034,F048-18,2026-02-17,2026-03-19,46294.1,2026-03-26
917626034,F048-19,2026-03-19,2026-04-18,48080.85,2026-04-22
917626034,F048-20,2026-04-18,2026-05-18,28390.75,2026-05-23
917626034,F048-21,2026-05-18,2026-06-17,38956.44,2026-06-19
917626034,F048-22,2026-06-17,2026-07-17,51804.12,2026-07-17
917626034,F048-23,2026-07-17,2026-08-16,49825.77,2026-08-23
917626034,F048-24,2026-08-16,2026-09-15,49171.55,2026-09-16
917626034,F048-25,2026-09-15,2026-10-15,49038.28,
802858478,F049-01,2024-09-25,2024-10-25,18736.31,2024-10-26
802858478,F049-02,2024-10-25,2024-11-24,18276.81,2024-11-24
802858478,F049-03,2024-11-24,2024-12-24,26884.06,2024-12-26
802858478,F049-04,2024-12-24,2025-01-23,23938.46,2025-01-23
802858478,F049-05,2025-01-23,2025-02-22,18867.99,2025-02-27
802858478,F049-06,2025-02-22,2025-03-24,18669.08,2025-03-28
802858478,F049-07,2025-03-24,2025-04-23,26405.19,2025-04-23
802858478,F049-08,2025-04-23,2025-05-23,17620.94,2025-05-26
802858478,F049-09,2025-05-23,2025-06-22,22653.61,2025-06-29
802858478,F049-10,2025-06-22,2025-07-22,27910.47,2025-07-29
802858478,F049-11,2025-07-22,2025-08-21,24665.5,2025-08-24
802858478,F049-12,2025-08-21,2025-09-20,29589.35,2025-09-24
802858478,F049-13,2025-09-20,2025-10-20,19048.02,2025-10-21
802858478,F049-14,2025-10-20,2025-11-19,23240.82,2025-11-24
802858478,F049-15,2025-11-19,2025-12-19,29700.52,2025-12-25
802858478,F049-16,2025-12-19,2026-01-18,27657.06,2026-01-18
802858478,F049-17,2026-01-18,2026-02-17,18526.17,2026-02-17
802858478,F049-18,2026-02-17,2026-03-19,19961.75,2026-03-20
802858478,F049-19,2026-03-19,2026-04-18,22767.82,2026-04-22
802858478,F049-20,2026-04-18,2026-05-18,31298.41,2026-05-26
802858478,F049-21,2026-05-18,2026-06-17,26741.14,2026-06-18
802858478,F049-22,2026-06-17,2026-07-17,30948.89,2026-07-21
802858478,F049-23,2026-07-17,2026-08-16,19600.2,2026-08-22
802858478,F049-24,2026-08-16,2026-09-15,22773.03,2026-09-21
802858478,F049-25,2026-09-15,2026-10-15,23940.83,
190461372,F050-01,2024-09-25,2024-10-25,15908.99,2024-10-30
190461372,F050-02,2024-10-25,2024-11-24,16990.62,2024-12-01
190461372,F050-03,2024-11-24,2024-12-24,10741.42,2025-01-26
190461372,F050-04,2024-12-24,2025-01-23,18123.63,2025-02-08
190461372,F050-05,2025-01-23,2025-02-22,15962.34,2025-03-02
190461372,F050-06,2025-02-22,2025-03-24,12197.82,2025-03-26
190461372,F050-07,2025-03-24,2025-04-23,17554.21,2025-05-13
190461372,F050-08,2025-04-23,2025-05-23,17644.0,2025-06-05
190461372,F050-09,2025-05-23,2025-06-22,12669.74,2025-07-13
190461372,F050-10,2025-06-22,2025-07-22,16242.74,2025-08-20
190461372,F050-11,2025-07-22,2025-08-21,10608.6,2025-09-10
190461372,F050-12,2025-08-21,2025-09-20,13749.88,2025-09-28
190461372,F050-13,2025-09-20,2025-10-20,18050.76,2025-11-09
190461372,F050-14,2025-10-20,2025-11-19,14287.77,2025-11-26
190461372,F050-15,2025-11-19,2025-12-19,14739.13,2025-12-29
190461372,F050-16,2025-12-19,2026-01-18,19386.3,2026-02-10
190461372,F050-17,2026-01-18,2026-02-17,10624.14,2026-03-06
190461372,F050-18,2026-02-17,2026-03-19,12441.69,2026-04-19
190461372,F050-19,2026-03-19,2026-04-18,14081.78,2026-04-20
190461372,F050-20,2026-04-18,2026-05-18,13078.39,2026-05-26
190461372,F050-21,2026-05-18,2026-06-17,14312.18,2026-06-17
190461372,F050-22,2026-06-17,2026-07-17,14120.5,2026-07-22
190461372,F050-23,2026-07-17,2026-08-16,11874.12,2026-08-19
190461372,F050-24,2026-08-16,2026-09-15,11252.37,
190461372,F050-25,2026-09-15,2026-10-15,19268.82,
